"","sort.db."
"when",1
"setting",2
"a",3
"form",4
"'s",5
"opacity",6
"should",7
"i",8
"use",9
"decimal",11
"or",12
"double",13
"?",14
"c#",15
"why",16
"doe",17
"n't",18
"the",19
"percentage",20
"width",21
"child",22
"in",23
"absolutely",24
"positioned",25
"parent",26
"work",27
"ie7",29
"html",31
"css",32
"internet-explorer-7",33
"are",34
"there",35
"any",36
"conversion",37
"tool",38
"for",39
"porting",40
"visual",41
"j",42
"#",43
"code",44
"to",45
"c",46
"j#",51
"how",52
"do",53
"calculate",55
"someone",56
"age",58
"datetime",64
"relative",69
"time",70
".net",73
"timespan",75
"can",77
"determine",79
"web",81
"user",82
"zone",85
"browser",88
"timezone",90
"what",91
"difference",94
"between",95
"math.floor",96
"(",97
")",98
"and",99
"math",107
"fill",111
"dataset",113
"datatable",116
"from",117
"linq",119
"query",120
"resultset",121
"web-services",125
".net-3.5",126
"binary",127
"data",128
"mysql",130
"database",132
"fastest",133
"way",134
"get",136
"value",137
"of",138
"pi",139
"performance",140
"algorithm",141
"language-agnostic",142
"unix",143
"latest",145
"information",146
"on",147
"php",148
"upcoming",149
"release",150
"throw",152
"error",153
"trigger",156
"triggers",159
"socket",165
"api",166
"c++",168
"z/os",170
"sockets",173
"mainframe",174
"zos",175
"unloading",176
"bytearray",178
"actionscript",180
"3",181
".",182
"flex",183
"actionscript-3",184
"check",185
"change",187
"sql",190
"table",191
"sql-server",193
"reliable",195
"timer",196
"console",199
"application",200
"vb.net",203
"best",205
"allow",208
"plugins",209
"architecture",215
"multiple",217
"submit",218
"button",219
"form-submit",225
"distinct",231
",",232
"ordered",233
"list",234
"name",236
"using",240
"office",245
"2007",246
"file",247
"type",248
"mime",250
"types",251
"identifying",253
"characters",254
"office-2007",255
"filetypes",256
"you",259
"page",260
"collection",262
"with",263
"add",271
"existing",272
"comment",273
"rdoc",275
"ruby",277
"subclipse",285
"aptana",287
"newest",292
"subversion",295
"eclipse",297
"svn",298
"adobe",301
"air",302
"-",303
"sqlstatement.execute",304
"one",311
"statement",312
"flat",316
"databases",318
"is",324
"gettimeofday",325
"guaranteed",328
"be",330
"microsecond",332
"resolution",333
"linux",337
"good",340
"branch/merge",341
"tutorial",342
"tortoise",344
"tortoisesvn",348
"tutorials",349
"anatomy",350
"``",353
"memory",354
"leak",355
"''",356
"com-interop",361
"client",364
"windows",366
"vista",367
"64bit",369
"decoding",374
"t-sql",375
"cast",376
"/vb.net",380
"ascii",384
"hex",385
"asp.net",386
"site",387
"maps",388
"navigation",391
"membership",392
"sitemap",393
"converting",394
"csv",395
"xml",398
"java",400
"data-conversion",404
"would",406
"access",408
"object",409
"property",410
"within",412
"an",413
"method",415
"oop",419
"theory",420
"export",423
"server",427
"2005",428
"bcp",435
"xsd",436
"datasets",437
"ignoring",439
"foreign",440
"key",441
"track",448
"downloads",450
"apache/php",452
"apache",454
"sync",458
"revision",461
"number",462
"my",464
"versioning",472
"embedding",473
"media",475
"player",476
"all",478
"browsers",479
"embed",481
"version",486
"ms",488
"version-control",496
"print",500
"document",503
"service",507
"printing",512
"annotating",513
"youtube",514
"video",515
"programatically",516
"annotations",517
"reverse-engineering",519
":",521
"error_log",522
"per",523
"virtual",524
"host",525
"programmatically",532
"create",533
"pdf",535
"function",543
"creating",545
"color",546
"wheel",547
"colors",550
"color-space",551
"floating",552
"point",553
"parsing",555
"catch",560
"internationalization",568
"globalization",569
"upgrading",570
"6.5",573
"migration",575
"generate",582
"tag",584
"cloud",585
"array",588
"h1",592
"through",593
"h6",594
"sizing",596
"arrays",599
"tag-cloud",601
"register",602
"program",604
"mailto",607
"protocol",608
"implementation",615
"replace",618
"into",619
"database-queries",623
"distributed",624
"source",625
"control",626
"option",627
"git",628
"dvcs",630
"sqlite",631
"remote",642
"forms",648
"adding",650
"scripting",651
"functionality",652
"compiler",659
"gtk",660
"messagebox",663
"x11",669
"berkeleydb",670
"concurrency",671
"berkeley-db",673
"practice",675
"collaborative",677
"environment",678
"bin",680
"directory",681
"collaboration",685
"studio",689
"integrate",695
"visual-studio",698
"sort",703
"dictionary",707
"by",708
"sorting",712
"learn",715
"discussion",719
"system",725
"structure",728
"migrations",735
"engine",736
"session",741
"security",742
"nested",750
"class",751
"this",753
"case",754
"unsigned",761
"over",763
"signed",764
"processing",770
"python",772
"possible",779
"permutation",780
"string",783
"cross-platform",786
"generation",787
"much",789
"build",793
"process",794
"you/should",796
"automate",798
"web-development",800
"ant",801
"build-process",802
"phing",803
"joeltest",804
"make",808
"sure",809
"email",810
"send",812
"not",815
"automatically",816
"marked",817
"spam",819
"email-spam",822
"meaning",826
"safety",830
"warning",831
"certain",833
"generic",835
"generics",839
"warnings",840
"type-safety",842
"lucene",843
"score",844
"result",845
"search",846
"migrate",851
"large",853
"app",854
"vb6",856
"vb",858
"vb6-migration",864
"iphone",865
"landscape",868
"mode",869
"aid",873
"review",875
"code-review",876
"team",877
"your",881
"favorite",882
"coding",883
"guidelines",884
"checklist",885
"whats-your-favourite",889
"decode",890
"address",892
"gravatar",894
"hash",895
"exploit",898
"unload",900
"com",902
"working",905
"ide",908
"launch",912
"ie",913
"mobile",914
"favorites",915
"screen..",916
"windows-mobile",917
"pocketpc",918
"ie-mobile",919
"schedule",923
"task",924
"scheduled-tasks",929
"remember",933
"me",934
"rails",938
"ruby-on-rails",941
"http",943
"find",947
"full",949
"path",950
"font",953
"it",955
"display",956
"mac",960
"fonts",964
"photoshop",965
"homegrown",966
"consumption",967
"winforms",973
"combobox",974
"binding",976
"gotcha",977
"databinding",980
"test",985
"layout",986
"design",987
"across",988
"browsers/oss",990
"preview",998
"jpeg",999
"window",1004
"image",1009
"frequent",1010
"systemexit",1011
"making",1015
"call",1017
"crash",1020
"continuous",1021
"integration",1022
"codebase",1027
"tools",1029
"continuous-integration",1030
"extreme-programming",1031
"definitive",1033
"guide",1034
"website",1036
"authentication",1037
"article",1042
"book",1044
"recommend",1047
"beginning",1050
"software",1051
"developer",1052
"books",1055
"polls",1056
"combination",1058
"set",1060
"unit-testing",1064
"testing",1066
"write",1069
"web.config",1071
"medium",1073
"trust",1074
"medium-trust",1078
"int",1085
"integer",1088
"java/c",1090
"deploying",1095
"live",1102
"deployment",1104
"release-management",1105
"exchange",1110
"mapi",1118
"cx_oracle",1119
"oracle",1125
"cx-oracle",1133
"iterate",1142
"nt",1156
"4.0",1157
"compatibility",1165
"windows-nt",1166
"gui",1167
"programming",1168
"apis",1169
"library",1173
"most",1175
"efficient",1176
"first",1180
"10000",1181
"prime",1182
"efficiency",1185
"numbers",1186
"puzzle",1187
"primes",1188
"challenge",1189
"lambda",1193
"proc.new",1198
"drag",1205
"workspace",1208
"compiz",1211
"metacity",1215
"swap",1216
"unique",1217
"indexed",1218
"column",1219
"update",1227
"iis",1235
"active-directory",1243
"encrypting",1244
"passwords",1245
"encryption",1246
"level",1249
"have",1254
"contribute",1256
"open",1258
"open-source",1261
"which",1262
"build-/configuration",1263
"management",1264
"'in",1270
"'",1271
"match",1273
"attribute",1275
"iteration",1284
"keyboard",1285
"programmer",1287
"hardware",1289
"productivity",1290
"peripherals",1291
"connect",1292
"as/400",1296
"odbc",1299
"db2",1300
"as400",1301
"that",1306
"provides",1307
"completion",1309
"code-completion",1315
"wing-ide",1316
"embedded",1317
"run",1323
"off",1324
"network",1326
"embedded-database",1329
"framework",1332
"advice",1333
"vfp",1338
"oledb",1340
"provider",1341
"win",1346
"64-bits",1347
"help",1349
"legacy",1353
"decent",1356
"simple",1358
"gis/mapping",1360
"component",1361
"mapping",1366
"gis",1367
"view",1369
"django",1371
"views",1375
"format",1377
"title",1380
"title-case",1385
"new",1388
"instance",1390
"reflection",1399
"localising",1400
"date",1401
"descriptor",1403
"dates",1406
"postgresql",1413
"solving",1414
"linear",1416
"equation",1417
"linear-algebra",1419
"systems",1420
"linear-equation",1421
"itertools.groupby",1428
"oriented",1435
"v",1436
"relational",1437
"object-database",1441
"asp",1442
"need",1444
"sftp",1447
"setup",1452
"project",1453
"registry",1457
"settings",1458
"efficiently",1462
"sorted",1464
"sum",1465
"elegantly",1476
"express",1477
"left",1478
"join",1479
"aggregate",1481
"editing",1488
"record",1490
"cruisecontrol.net",1496
"msbuild",1498
"/p",1500
"outputpath",1502
"ccnetartifactdirectory",1504
"implement",1510
"unit",1511
"detecting",1517
"javascript",1520
"dvorak",1528
"qwerty",1529
"colemak",1530
"documentation",1536
"xslt",1538
"sandcastle",1540
"xml-comments",1541
"better",1545
"than",1546
"variables",1552
"passed",1553
"reference",1558
"pass-by-reference",1562
"pass-by-value",1563
"debug",1567
"script",1569
"debugging",1572
"unicode",1578
"localization",1579
"vague",1581
"os",1587
"osx",1589
"word-break",1595
"dash",1598
"text",1603
"collation",1605
"windows-server-2003",1611
"choose",1617
"frameworks",1626
"example",1634
"loop",1647
"recordset",1650
"connection",1657
"literal",1659
"escape",1661
"character",1662
"unhandled",1666
"exception",1667
"handler",1668
"1.1",1671
"mutex",1679
"basic",1682
"conference",1687
"useful",1688
"conferences",1690
"monkeypatching",1700
"getting",1701
"root",1702
"permission",1703
"inside",1707
"vi",1709
"built",1720
"encoded",1722
"viewstate",1723
"fix",1730
"'unprocessed",1731
"found",1734
"exceptionnotifier",1738
"plugin",1739
"rail",1741
"2.1",1742
"ip",1748
"country",1750
"lookup",1753
"displaying",1755
"flash",1756
"content",1757
"macromedia",1768
"delete",1772
"locked",1777
"another",1779
"filesystems",1786
"indexing",1793
"return",1794
"word",1797
"containing",1798
"full-text-search",1804
"little",1806
"diversion",1807
"im",1812
"precision",1814
"part",1816
"1",1817
"floating-point",1821
"fun",1822
"heap",1823
"corruption",1824
"under",1825
"win32",1826
";",1827
"locate",1830
"multithreading",1834
"size",1838
"bayesian",1843
"filtering",1844
"artificial-intelligence",1847
"free",1850
"ocr",1851
"exceptions",1857
"chm",1882
"winhelp",1883
"am",1885
"malloc",1889
"realloc",1895
"index",1904
"field",1907
"label",1915
"ccnet",1918
"graph",1927
"data-structures",1934
"projects",1940
"subdomain",1946
"account",1948
"webapp",1951
"dns",1952
"web-applications",1953
"invalid",1958
"safari",1961
"hyperlink",1969
"specific",1972
"slide",1973
".ppt",1976
"powerpoint",1980
"csla",1981
"master",1982
"regex",1985
"pull",1988
"out",1989
"sub-string",1991
"two",1993
"asynchronous",1999
"multi-direction",2000
"server-client",2001
"communication",2002
"same",2005
"advantage",2016
"cvs",2021
"big",2027
"before",2033
"start",2035
"degrade",2037
"catching",2041
"injection",2043
"other",2045
"malicious",2046
"requests",2048
"xss",2049
"sql-injection",2050
"limit",2052
"queue",2055
"<",2056
"t",2057
">",2058
"collections",2063
"nant",2066
"still",2067
"supported",2068
"suitable",2070
"3.5/vs2008",2073
"lock",2084
"io",2091
"n",2097
"curse",2099
"curses",2105
"rockbox",2106
"audio",2107
"followup",2112
"finding",2114
"accurate",2116
"distance",2118
"mstest",2125
"crusecontrol.net",2127
"distinctiveness",2138
"copy",2147
"alternative",2148
"default",2152
"files",2155
"utilities",2157
"_single_",2161
"gtd",2163
"current",2169
"logged",2170
"glossary",2185
"subsonic",2186
"vs",2187
"nhibernate",2188
"orm",2191
"parallelizing",2200
"cpu-intensive",2202
"parallel-processing",2207
"2008",2211
"core",2214
"appropriate",2216
"windows-server-2008",2224
"custom",2227
"client-side",2228
"validation",2229
"xampp/apache",2234
"serve",2235
"outside",2237
"htdocs",2239
"xampp",2242
"server-configuration",2243
"bandwith",2244
"throttling",2245
"6",2248
"authenticated",2259
"plain",2265
"handle",2280
"permissions",2286
"parameters",2297
"methods",2298
"modify",2300
"bar",2302
"url",2303
"ajax",2305
"state",2310
"rest",2313
"address-bar",2314
"syntax",2325
"literals",2327
"preferred",2331
"vim",2334
"emacs",2336
"x",2340
"editor",2345
"integrating",2346
"cruise",2352
"give",2361
"icon",2366
"favicon",2372
"apple-touch-icon",2373
"different",2374
"together",2380
"hiding",2383
"inherited",2384
"member",2385
"wpf",2390
"silverlight",2391
"polymorphism",2392
"dependency-properties",2393
"reducing",2394
"duplicate",2395
"handling",2397
"error-handling",2405
"engineering",2409
"software-engineering",2411
"wordpress",2412
"theme",2413
"development",2414
"offline",2415
"blogs",2421
"online",2422
"peer",2423
"peer-review",2429
"communities",2430
"think",2433
"oo",2435
"self-improvement",2437
"education",2438
"learning",2445
"ssh",2452
"longtime",2464
"know",2467
"starting",2469
"bash",2475
"shell",2477
"equivalent",2480
"command-line",2486
"terminal",2487
"correct",2491
"pixel",2492
"dimension",2493
"2005/8",2510
"mechanisms",2513
"tracking",2515
"db",2516
"schema",2517
"logically",2526
"reorder",2527
"xfdl",2548
"folders",2549
"solution",2556
"projects-and-solutions",2560
"editing/viewing",2562
"resources",2576
"compiler-construction",2577
"these",2582
"statistic",2583
"statistics",2585
"profile",2590
"old",2593
"stile",2594
"class/tables",2596
"critical",2601
"bug",2602
"but",2604
"company",2606
"care",2609
"legal",2611
"hacking",2612
"ethics",2613
"resource",2616
"director",2620
"shockwave",2622
"lingo",2623
"pas",2626
"enumerated",2627
"application-integration",2634
"single",2638
"influential",2640
"every",2642
"read",2645
"reading",2649
"experience",2651
"buffers",2654
"protocol-buffers",2658
"alt.net",2661
"concepts",2664
"at",2670
"preg_replace",2675
"offshoring/onshoring",2681
"software-industry",2682
"offshoring",2683
"package",2687
"ternary",2696
"expression",2697
"ternary-operator",2702
"federated",2709
"synced",2711
"writing",2718
"conway",2721
"game",2723
"life",2725
"simulation",2730
"menu",2736
"require",2742
"press",2746
"enter",2748
"selection",2753
"organized",2762
"around",2763
"here",2764
"development-environment",2766
"scheduling",2767
"organizing",2768
"mouse",2771
"winapi",2776
"locating",2778
"image-processing",2784
"running",2792
"people",2799
"dictionaries",2804
"triple",2808
"quotes",2809
"delimit",2814
"databound",2816
"parameter",2819
"anchor",2825
"imports",2829
"import",2836
"latitude/longitude",2838
"distorted",2841
"map",2842
"latitude",2846
"longitude",2847
"anyone",2848
"ergonomics",2856
"rsi",2857
"beat",2861
"redirecttoaction",2876
"mvc",2879
"without",2880
"losing",2881
"request",2882
"asp.net-mvc",2886
"how-to",2888
"objective-c",2894
"ipod-touch",2899
"datacontext",2902
"ever",2904
"linq-to-sql",2911
"language",2914
"stored",2922
"procedure",2923
"avoid",2934
"attack",2937
"cpu",2943
"throttle",2949
"1,2,3",2958
"[",2961
"]",2963
"each",2970
"far",2974
"lisp",2976
"macro",2977
"go",2978
"macros",2980
"illegal",2992
"cross",2993
"thread",2994
"convert",3009
"could",3012
"hosting",3019
"project-hosting",3025
"training",3036
"mean",3057
"branch",3065
"dll",3074
"retrieve",3075
"own",3077
"filename",3078
"delphi",3080
"persistence",3088
"tdd",3092
"monitor",3093
"rss",3096
"mvp",3101
"patterns",3112
"started",3132
"coverage",3138
"coldfusion",3143
"code-coverage",3144
"hashbytes",3158
"varchar",3160
"checkbox",3167
"toggle",3168
"clicking",3170
"well",3176
"crud",3184
"sample",3187
"freeware",3194
"icl",3195
"icons",3199
"sealed",3202
"really",3204
"offer",3205
"benefits",3207
"optimization",3210
"running-time",3212
"2.0",3217
"runtime",3218
".net-2.0",3222
"clr",3223
"define",3235
"section",3238
"potential",3240
"element",3242
"essential",3259
"easy",3265
"webcontrols",3269
"web-controls",3272
"background",3278
"masterpage",3281
"behind",3285
"master-pages",3294
"bdd/tdd",3303
"bdd",3312
"build-automation",3332
"cairngorm",3333
"calling",3334
"commands",3336
"interop",3341
"raid",3343
"5",3344
"calculation",3345
"raid5",3346
"resharper",3354
"worth",3355
"adjustment",3357
"4",3365
"stream",3371
"driven",3385
"rewriting",3396
"url-rewriting",3399
"url-routing",3400
"rewrite",3401
"filter",3404
"combine",3406
"2",3407
"back",3426
"classic",3443
"asp-classic",3446
"vbscript",3447
"after",3458
"copying",3459
"ftp",3466
"/",3473
"icallbackeventhandler",3474
"asp.net-ajax",3477
"turn",3482
"line",3484
"textwrangler",3489
"top",3499
"show",3502
"tab",3525
"focus",3526
"onto",3527
"dropdown",3529
"sqa",3549
"explain",3552
"monads",3553
"haskell",3555
"functional-programming",3556
"dialog",3569
"box",3570
"controls",3573
"tabs",3574
"struct",3580
"transition",3586
"functional",3588
"howto",3594
"graphic",3602
"graphics",3606
"looking",3615
"encountered",3628
"execute",3636
"because",3637
"referenced",3639
"too",3640
"many",3641
"agile",3655
"shop",3657
"tell",3664
"if",3665
"blocking",3670
"ad",3671
"recommendations",3678
"building",3680
"self-balancing",3689
"bst",3690
"quick",3692
"insertion",3693
"node",3699
"some",3704
"threaded",3709
"casting",3715
"newtype",3718
"progressive",3729
"enhancement",3730
"progressive-enhancement",3734
"auto",3735
"diagram",3738
"database-design",3742
"primary",3748
"once",3767
"debugger",3775
"already",3776
"attached",3777
"work-around",3778
"visual-studio-2008",3781
"obfuscation",3786
"tools/strategy",3787
"treeview",3793
"&",3794
"context",3795
"menus",3796
"disable",3802
"autocomplete",3804
"input",3810
"stl-like",3819
"chart",3835
"forum",3844
"effective",3859
"payment",3880
"web-based",3890
"grid",3891
"accepts",3893
"excel",3894
"clipboard",3895
"text-editor",3908
"pagefile",3910
"powershell",3921
"cmdlets",3922
"planning",3935
"split",3936
"serverside",3958
"temporary",3968
"exists",3970
"...",3981
"sending",3996
"group",4012
"group-by",4015
"last",4023
"pressed",4024
"moved",4029
"quality",4041
"template",4045
"templates",4048
"web-design",4049
"disk",4056
"space",4057
"documents",4067
"redirection",4088
"oddity",4089
"ksh",4093
"up",4096
"erlang",4098
"verification",4105
"getter/setter",4107
"elsewhere",4109
"setter",4114
"getter",4115
"lightweight",4116
"shortcut",4129
"shortcuts",4141
"recommended",4146
"microsoft",4149
"recommendation",4156
"global",4157
"user-controls",4165
"xen",4166
"ca",4168
"vms",4174
"ubuntu",4175
"virtualization",4176
"remove",4184
"portion",4187
"date-conversion",4198
"model",4204
"just",4208
"stick",4209
"utility",4213
"arbg",4220
"rgb",4222
"objects",4226
"null/nothing",4228
"memory-management",4237
"mono",4244
"routing",4252
"la",4255
"google",4256
"translate",4264
"screen",4266
"coordinate",4268
"picturebox",4276
"2000",4283
"wa",4294
"modified",4296
"explicit",4303
"formatting",4307
"sql-server-2005",4310
"for-xml",4312
"curl",4315
"wget",4317
"paging",4337
"results",4341
"printf",4348
"long",4351
"options",4357
"scraping",4360
"screen-scraping",4363
"html-parsing",4364
"webscraping",4365
"html-content-extraction",4366
"c/c++",4369
"byte",4377
"marshalling",4382
"spin",4386
"several",4389
"halting",4395
"application.run",4399
"choosing",4404
"static",4406
"analysis",4408
"render",4415
"look",4419
"like",4420
"styles",4424
"enabled",4425
"suggestions",4431
"besides",4439
"detect",4468
"popup",4475
"jxta",4484
"executable",4489
"hsl",4496
"incomplete",4503
"turkish",4506
"indexing-service",4513
"cisvc",4515
"+",4518
"modi",4519
"=",4520
"full-text",4521
"wish",4526
"!",4527
"dep",4530
"desktop",4539
"parse",4548
"got",4557
"hacked",4558
"cracking",4568
"hijacked",4569
"bringing",4570
"front",4574
"problem",4584
"solved",4587
"tackled",4590
"more",4591
"easily",4592
"tree",4597
"cs",4603
"reverse",4604
"nslookup",4612
"dynamic",4615
"relationship",4631
"dynamic-data",4639
"getters",4643
"recursion",4655
"computer-science",4664
"unobtrusive",4668
"captcha",4669
"usability",4676
"safest",4681
"perl",4690
"boot",4705
"linking",4709
"office-2003",4715
"configure",4719
"communicate",4721
"serial",4724
"port",4725
"speed",4731
"comparisons",4732
"procedural",4734
"vs.",4735
"interpreted",4738
"maintainability",4742
"inversion",4747
"inversion-of-control",4751
"mimic",4772
"partial",4791
"rendering",4792
"sharepoint",4796
"teach",4806
"beginner",4808
"teaching",4814
"debian",4820
"install",4821
"force",4837
"either",4838
"scalar",4840
"ref",4843
"references",4853
"taskmgr.exe",4859
"taking",4860
"100",4862
"%",4863
"vmware",4869
"hanging",4870
"cron",4873
"job",4874
"mbunit",4880
"teamcity",4882
"'best",4887
"diff",4889
"extension",4900
".htaccess",4920
"directive",4921
"*not*",4923
"redirect",4924
"urls",4926
"mod-rewrite",4929
"yyyy-mm-dd",4937
"hh",4938
"mm",4940
"s",4942
"absolute",4951
"mappath",4959
"repository",4960
"pattern",4961
"repository-pattern",4968
"vstest",4972
"soloing",4977
"fogbugz",4979
"count",4985
"integers",4993
"written",4995
"see",5006
"caching",5015
"pack",5019
"midi",5034
"signal",5035
"usb",5038
"device",5040
"signal-processing",5045
"take",5050
"e-mail",5051
"user-interface",5057
"respose.writefile",5062
"response.contenttype",5066
"passionate",5070
"interview-questions",5072
"hiring",5073
"convention",5077
"checking",5080
"them",5081
"conventions",5084
"o",5086
"calculate/approximate",5091
"complexity",5096
"big-o",5097
"peak",5099
"detection",5100
"measured",5102
"timer-based",5107
"event",5108
"reduce",5124
"abstract",5130
"language-design",5139
"ienumerator",5154
"foreach",5163
"ienumerable",5168
"capturing",5189
"openvpn",5197
"config",5198
"prevent",5201
"timeout",5202
"vpn",5204
"must-have",5208
"suggestion",5219
"zend",5224
"confused",5227
"leading",5236
"wildcard",5237
"troubleshooting",5249
"internet-explorer",5254
"updates",5270
"mysql-query",5275
"ssl",5282
"iframe",5286
"https",5287
"acceptable",5291
"xhtml",5294
"markup",5297
"transform",5312
"columns",5313
"rows",5315
"block",5317
"internals",5321
"http_referer",5326
"http-referer",5330
"mappers",5338
"term",5349
"bodmas",5351
"searching",5356
"ton",5359
"filemanagement",5365
"rake",5369
"cli",5378
"deploy",5385
"installer",5392
"clickonce",5393
"scheme",5399
"interview",5405
"senior",5407
"pissing",5410
"him",5411
"instead",5427
"backup",5434
"only",5437
"public",5446
"sap",5447
"business",5448
"intelligence",5449
"social",5456
"no",5463
"url/subversion",5464
"backend",5465
"uploading",5473
"upload",5479
"convince",5497
"we",5501
"system.windows.forms.linkbutton",5517
"developerexpress",5519
"issue-tracking",5525
"man",5533
"teamwork",5535
"groupwork",5536
"choice",5539
"workflow",5563
"coding-style",5571
"codes",5573
"diplomacy",5574
"distribution",5577
"ram",5587
"burn",5589
"tree-view",5613
"preference",5614
"interface",5619
"executing",5628
"stsadm",5629
"sharepoint\system",5635
"right",5636
"jobs",5638
"impersonation",5640
"privileges",5641
".bashrc",5647
"configuration",5651
"storing",5654
"images",5655
"yea",5659
"nay",5661
"storage",5666
"blob",5667
"propertygrid",5685
"installers",5694
"installation",5697
"msi",5698
"windows-installer",5700
"prototyping",5701
"customer",5706
"wmi",5712
"redistributable",5713
"innerxml",5723
"xelement",5726
"complete",5733
"replication",5736
"ideas",5738
"dual",5747
"quadcore",5749
"webserver",5752
"typeset",5761
"normal",5765
"implementing",5781
"audit",5782
"expired",5798
"concatenate",5807
"entire",5808
"union",5816
"automated",5837
"wix",5847
"vdproj",5850
"dom",5861
"firefox",5865
"extensions",5871
"illegalargumentexception",5872
"nullpointerexception",5874
"null",5877
"money",5889
"tsql",5893
"profilers",5912
"profiling",5916
"profiler",5917
"application-advice",5918
"long-running",5926
"talking",5953
"serial-port",5966
"multi-paradigm",5967
"languages",5968
"paradigms",5971
"testdriven.net",5973
"vista64",5986
"ultimate",5994
"so",5999
"smb",6004
"share",6005
"windows-vista",6010
"interesting",6022
"exercise",6024
"exercises",6027
"us",6038
"httplistener",6039
"will",6042
"multilingual",6064
"build.xml",6074
"ear",6077
"deploys",6079
"websphere",6081
"j2ee",6084
"passing",6089
"multidimensional",6090
"argument",6094
"enable",6100
"available",6124
"merge",6129
"merged",6130
"extra",6131
"stuff",6132
"static-analysis",6151
"where",6152
"store",6155
"snippet",6158
"code-snippets",6160
"view/table",6171
"ignore",6189
"solutions",6193
"actively",6211
"being",6212
"file-io",6217
"cache",6221
"configurationmanager.appsettings",6227
"concerns",6229
"properties",6234
"barebones",6239
"cms",6240
"webcam",6251
"streaming",6252
"serialization",6255
"directed-graph",6259
"ado.net",6263
"'nice",6275
"process-management",6279
"foundation",6286
"tfs",6291
"linqdatasource",6292
"amount",6298
"returned",6301
"territory",6309
"game-development",6313
"voronoi",6315
"accessing",6319
"dictionary.keys",6321
"numeric",6325
"datagrid",6333
"gridview",6336
"messaging",6346
"activemq",6352
"tostring",6358
"primitive",6364
"autoboxing",6368
"programmatic",6385
"sms",6386
"pid",6394
"sparse",6431
"mocking",6442
"logic",6457
"layer",6458
"business-logic-layer",6461
"object-datasource",6462
"wcf",6469
"high",6471
"availability",6472
"soa",6476
"place",6481
"guis",6485
"qt",6490
"mfc",6491
"include",6513
"username",6529
"password",6531
"multi-language",6535
"generator",6537
"xul",6551
"xulrunner",6552
"ms-sql",6553
"drop",6555
"whose",6558
"begin",6560
"dynamic-sql",6567
"wca.exe",6576
"gems",6586
"proxy",6590
"ironruby",6596
"gem",6597
"consume",6601
"xp",6616
"dev",6618
"machine",6619
"windows-xp",6621
"operating-system",6623
"computer",6624
"startup",6633
"everytime",6635
"rhinomocks",6649
"properly",6654
"mock",6655
"rhino-mocks",6665
"does",6667
"affect",6669
"leg",6670
"domain",6674
"t4",6678
"dsl",6679
"vsx",6680
"304",6690
"response",6693
"managed",6699
"pinvoke",6705
"break",6711
"breaks",6715
"mental-health",6716
"trick",6720
"allows",6722
"ver",6729
"intellisense",6733
"feature",6734
"earlier",6736
"xming",6747
"sql-server-2008",6770
"generating",6774
"etag",6775
"header",6776
"molap",6783
"textfiles",6786
"olap",6787
"hacks",6788
"logs",6789
"filehelpers",6790
"auth",6797
"bookmarklet",6802
"delicious-api",6805
"del.icio.us",6806
"xmp",6808
"loops",6820
"networking",6828
"modem",6829
"qos",6830
"isp",6831
"adsl",6832
"compression",6834
"discrete",6838
"cosine",6839
"dct",6844
"podcast",6847
"prototype",6852
"csharpcodeprovider",6856
"compilation",6857
"mercurial",6866
"usage",6867
"upgrade",6886
"3.x",6889
"eval",6894
"webstart",6904
"dependent",6907
"native",6909
"jni",6913
"nativelibrary",6915
"moniker",6922
"openid",6942
"folder",6947
"namespace",6953
"namespaces",6957
"verifying",6958
"choices",6966
"singleton",6984
"design-patterns",6991
"automating",6993
"virtualpc",6996
"regular",7015
"expressions",7016
"configurationmanager",7019
"load",7021
"arbitrary",7025
"location",7026
"yet",7037
"moss",7042
"ssp",7043
"failed",7046
"logons",7048
"deleted",7050
"microcontroller",7061
"easiest",7067
"programming-languages",7073
"overhead",7079
"questions",7089
"intern",7092
"jquery",7095
"called",7099
"webspere",7104
"clustering",7109
"resolve",7123
".net/c",7132
"string.indexof",7137
"hint",7154
"zend-studio",7161
"x86",7164
"assembly",7165
"hosted",7176
"arrow",7184
"keys",7185
"directx",7188
"authoritative",7189
"xml-sig",7192
"faster",7200
"ansi",7203
"confirm",7207
"primer",7226
"rather",7230
"events",7240
"decide",7246
"switch",7248
"id",7260
"appear",7268
"widening",7283
"wrapping",7290
"ul",7299
"assemblies",7310
"enums",7316
"supporting",7320
"sell",7329
"lot",7335
"cash",7337
"idea",7346
"put",7348
"easter",7349
"eggs",7350
"easter-eggs",7355
"div",7380
"height",7382
"beta",7392
"organize",7397
"ddl",7400
"secj0222e",7411
"5.1",7416
"ibm",7419
"remoting",7422
"vpns",7425
"wireless",7431
"actually",7434
"anything",7436
"done",7437
"laptop",7440
"plane",7443
"technical",7447
"adma5026e",7455
"local",7469
"journal",7481
"locking",7486
"3rd",7503
"party",7504
"dependency",7510
"dependency-injection",7514
"rich",7520
"culture",7523
"programmers",7524
"joomla",7528
"recursively",7537
"bigger",7539
"char",7542
"smaller",7544
"personal",7550
"grails",7581
"groovy",7588
"portable",7589
"apps",7590
"software-tools",7595
"switcher",7617
"strategy",7624
"hook",7627
"shared",7639
"matlab",7642
"firebird",7649
"substring",7653
"interbase",7659
"alternatives",7664
"post",7669
"then",7671
"external",7675
"asmx",7704
"3.0",7707
"linqtoobjects",7714
"employment",7726
"job-boards",7730
"whats",7731
"standard",7734
"standards",7743
"variable",7746
"servlets",7749
"length",7754
"associative",7757
"comments",7762
"virtual-directory",7775
"interfaces",7777
"stand",7785
"alone",7786
"gwt",7789
"charts",7792
"wrap",7799
"day",7804
"work-hours",7808
"persist",7812
"incrementing",7822
"ids",7823
"dataadapter",7830
"dynamically",7837
"center",7838
"reporting",7844
"services",7845
"report",7846
"reporting-services",7848
"order",7852
"behavior",7855
"winform/visual",7862
"platform",7867
"agnostic",7870
"reason",7882
"pure",7886
"lifecycle",7893
"software-lifecycle",7897
"try",7904
"super",7908
"msf",7928
"cmmi",7930
"memcached",7937
"chunk",7938
"xsl",7948
"trying",7950
"select",7952
"filestream",7960
"ordering",7970
"ecommerce",7978
"bytes",7980
"down",8002
"sgml",8006
"hungarian",8011
"naming",8012
"real",8016
"world",8017
"hungarian-notation",8020
"self-documenting-code",8021
"leader",8026
"project-planning",8028
"const",8033
"series",8036
"classes",8038
"telligent",8041
"community",8043
"community-server",8045
"undoing",8046
"reset",8049
"--",8050
"hard",8051
"specify",8057
"modalpopupextender",8062
"shown",8064
"hostname",8069
"internal",8076
"wss",8082
"sense",8087
"low",8090
"rational",8097
"purify",8098
"failng",8099
"jump",8101
"memory-leaks",8106
"entry",8111
"public/popular",8115
"websites",8116
"javaserver",8118
"faces",8119
"jsf",8122
"ing",8129
"microformats",8131
"web2.0",8137
"benefit",8143
"encounter",8155
"incorrect",8157
"typed",8168
"prefer",8175
"both",8186
"rpc",8192
"based",8193
"tables",8198
"libraries",8206
"license",8212
"models",8213
"product-management",8214
"random",8216
"ie6",8232
"404",8241
"internet-explorer-6",8247
"fragment",8255
"identifier",8256
"actionlink",8261
"etc",8265
"doctype",8280
"html5",8283
"xcode",8291
"professor",8297
"school",8299
"picking",8300
"student",8307
"schools",8312
"sleep",8313
"informix",8317
"spl",8318
"ui/layout",8328
"wiki",8343
"rendered",8357
"incorrectly",8358
"lately",8360
"utf-8",8363
"route",8370
"supplied",8377
"imported",8385
"\microsoft.csharp.targets",8390
"preferable",8402
"formatable",8406
"dotnet",8410
"request.params",8415
"request.form",8417
"differ",8418
"lower",8425
"power",8426
"cheap",8428
"pc",8429
"home",8432
"home-server",8435
"diy",8436
"command",8439
"cmd.exe",8444
"barrier",8448
"understanding",8450
"pointer",8451
"overcome",8458
"pointers",8463
"firebug",8464
"wo",8465
"feed",8469
"plotting",8482
"graphing",8489
"'break",8490
"keyword",8493
"exit",8499
"isnothing",8509
"versus",8510
"nothing",8512
"webbrowser",8517
"inheritance",8527
"2000/5",8536
"underscore",8539
"patch-generation",8542
"patchgeneration",8548
"wysiwyg",8551
"issues",8559
"front-end",8565
"back-end",8570
"ms-access",8574
"rcp",8589
"jnlp",8593
"link",8599
"body",8602
"backward",8609
"issue",8611
"backwards-compatibility",8616
"geographically",8617
"production",8627
"widget",8645
"dnsmasq",8653
"appending",8655
"negative",8669
"n-tier",8674
"vc6",8682
"visual-c++",8685
"linker",8686
"genealogy",8688
"log",8697
"logging",8702
"downloading",8710
"drop-down",8719
"client-scripting",8724
"feel",8728
"about",8729
"folding",8731
"yahoo",8736
"india",8737
"always",8742
"commit",8743
"opinion",8753
"uuids",8756
"row",8759
"particularly",8762
"uuid",8769
"season/show/episode",8774
"rid",8782
"describetype",8787
"kick",8801
"as",8802
"improvement",8807
"provide",8810
"accessor",8811
"setters",8815
"public/protected",8817
"log4net",8825
"configuring",8826
"deal",8833
"manage",8848
"startups",8858
"compiled",8866
".chm",8871
"helpfile",8876
"wall",8883
"gltail",8884
"small",8887
"career-development",8890
"login",8913
"gathering",8919
"archive",8927
"purpose",8928
"versions",8930
"normalizing",8932
"integrity",8937
"dlls",8950
"connection-string",8954
"huge",8959
"if-conditions",8960
"if-statement",8963
"repair",8964
"checksum",8966
"processes",8983
"edit",8987
"item",8989
"common",9001
"hooks",9005
"preferably",9014
"webpage",9028
"callback",9038
"safe",9044
"experiences",9051
"smart",9054
"factory",9057
"software-development",9059
"scsf",9060
"software-factory",9061
"ff3",9062
"winxp",9063
"quoted",9079
"notifications",9085
"win64",9090
"eclipse-3.4",9093
"ganymede",9094
"ideal",9098
"multiple-monitor",9099
"multiple-monitors",9108
"tabbed",9109
"browsing",9111
"customization",9117
"disappearing",9123
"array.length",9130
"uint",9137
"cls",9146
"compliant",9147
"cls-compliant",9150
"unsigned-integer",9152
"haml",9153
"dymanic",9160
"skills",9172
"foreign-keys",9180
"house",9186
"exam",9187
"msdn",9192
"subscription",9193
"le",9194
"expensive",9195
"comma",9208
"separated",9209
"sybase",9217
"ase",9218
"closure",9239
"style",9240
"targeted",9249
"icalendar",9253
"outlook",9258
"gmail",9259
"ical",9261
"recurrence",9262
"messed",9267
"continue",9293
"enumeration",9297
"google-app-engine",9303
"3.5",9315
"200",9318
"mb",9319
"getting-started",9333
"new-project",9334
"arithmetic",9336
"conditioned",9351
"awk",9356
"aix",9357
"continuation",9389
"continuations",9393
"publisher",9404
"noticeably",9405
"publishers",9409
"marble",9426
"covariance",9454
"counting",9458
"cocoa",9460
"objective",9462
"had",9475
"success",9478
"php4",9484
"php5",9486
"ini",9492
"configurable",9497
"configuration-files",9503
"support",9508
"plot",9534
"real-time",9536
"rule",9538
"rule-engine",9545
"sgen.exe",9546
"fails",9547
"$",9555
"{",9575
"}",9578
"register_globals",9587
"turned",9588
"favicons",9606
"junit",9612
"testng",9614
"aop",9661
"suited",9674
"fear",9678
"loathing",9680
"pages",9688
"skill",9700
"his/her",9702
"pretty",9706
"whatever",9723
"happened",9724
"accelerator",9727
"icedtea",9732
"war",9733
"story",9734
"java-7",9737
"openjdk",9738
"viable",9760
"movie",9770
"transparent",9773
"string.format",9779
"stringbuilder",9783
"encode",9810
"base64-gzip",9816
"gzip",9823
"base64",9824
"must",9839
"end",9840
".class",9842
"scaling",9851
"multithreaded",9852
"multicored",9855
"scalability",9859
"recreational-programming",9865
"defensive",9866
"defensive-programming",9870
"developing",9871
"addins",9872
"warcraft",9876
"lua",9883
"wow",9884
"compact",9886
"wait",9891
"continuing",9896
"compact-framework",9900
"considerations",9902
"throwing",9904
"subquery",9928
"delimited",9932
"directorynotfoundexception",9938
"corecon",9946
"improving",9953
"teams",9957
"embeddable",9970
"code-reuse",9976
"lazy",9979
"contruction",9980
"construction",9989
"lazy-initialization",9990
"shader",9992
"transcoding",9995
"mp3",10001
"flv",10002
"mp4",10003
"transcode",10004
"dual/multiple",10008
"optimized",10015
"has",10026
"anybody",10027
"used",10028
"google-perftools",10036
"distro",10046
"non-technical",10058
"person",10059
"living",10065
"parents",10068
"family",10069
"relate",10070
"multicore",10081
"draw",10093
"skinnable",10094
"xna",10103
"skins",10105
"hidden",10113
"visualization",10120
"graph-layout",10128
"showing",10129
"message",10131
"ensure",10147
"follow",10149
"fire",10159
"passion",10161
"industry",10167
"abstraction",10187
"decisions",10194
"embedded-systems",10195
"rounded",10203
"corner",10204
"cross-browser",10209
"constructor",10215
"certified",10229
"certification",10232
"mcts",10233
"mcpd",10234
"speaker",10242
"users",10245
"usersgroup",10249
"topic",10253
"presentation",10255
"groups",10259
"presentations",10261
"internet",10266
"explorer",10267
"engineer",10277
"branching",10280
"their",10283
"entrepreneurship",10289
"replacing",10290
"bunch",10295
"filenames",10302
"oses",10313
"0.1",10323
"releasing",10331
"straight-forward",10334
"lamp",10341
"very",10342
"slow",10343
"1.5",10347
"1.4",10350
"improve",10357
"edit-compile-test",10359
"animation",10369
"alpha",10381
"blending",10382
"sprite",10383
"nintendo",10385
"ds",10386
"homebrew",10387
"nintendo-ds",10391
"non-dynamic",10420
"inheriting",10425
"extension-methods",10431
"resin",10435
"caucho",10442
"scrollbar",10448
"programmerâ€™s",10450
"bounced",10456
"via",10458
"pop3",10459
"80",10474
"impact",10478
"workaround",10488
"lack",10491
"enum",10494
"constraint",10496
"flags",10501
"largest",10505
"rectangle",10506
"maximal",10508
"geometry",10515
"next",10523
"junior",10529
"public-key",10540
"identify",10548
"applet",10552
"'m",10555
"swing",10563
"ways",10566
"limitless",10570
"bad",10577
"sensitive",10582
"linebreaks",10584
"whitespace",10592
"line-breaks",10593
"turing",10596
"turing-machines",10601
"turing-complete",10602
"untestable",10609
"refactoring",10613
"analyzing",10620
"modifying",10622
"source-code",10626
"higher",10628
"pay",10629
"advanced",10631
"degree",10632
"buffer",10644
"overflow",10645
"buffer-overflow",10647
"zip",10648
"components",10660
"creation",10669
"redefining",10702
"autoconf",10712
"automake",10713
"unit-test",10719
"ui",10722
"selenium",10726
"gallery2",10730
"autosizing",10737
"textarea",10738
"stress",10755
"stress-testing",10762
"performance-monitoring",10763
"linq-to-objects",10773
"dropping",10774
"stack",10796
"knew",10800
"now",10805
"pleae",10828
"kind",10836
"manager",10839
"practices",10851
"securing",10853
"abap",10863
"expand",10869
"reorganise",10890
"rebuild",10893
"maintenance",10898
"plan",10899
"reorganize",10904
"xaml",10905
"side",10920
"ws-security",10951
"introduction",10952
"failure",10964
"shift",10966
"operator",10967
"bos",10976
"buy",10978
"nice",10979
"workstations",10988
"private",10993
"duplicates",11012
"querying",11013
"wgs84",11029
"position",11033
"stderr",11058
"fprintf",11062
"symbolic",11070
"symlink",11079
"replicating",11089
"sqlserver",11091
"edition",11095
"encoding",11099
"linked",11108
"mergesort",11112
"disadvantage",11118
"becoming",11120
"contract",11122
"contracting",11127
"mstdc",11132
"msdtc",11136
"bulleted",11145
"ie8",11150
"max-height",11155
"internet-explorer-8",11157
"datatables",11158
"dataviews",11160
"distincts",11162
"asp.net/vb",11165
"dataview",11170
"capture",11171
"mousedown",11172
"textbox",11176
"packaging",11181
"windows/linux",11186
"swt",11191
"software-distribution",11193
"delivering",11199
"opengl",11211
"elance",11222
"obtain",11225
"while",11228
"career",11238
"visibility",11258
"myeclipse",11287
"third",11316
"even",11320
"piece",11324
"gid",11333
"active",11340
"hate",11342
"activerecord",11347
"question",11359
"who",11361
"ha",11362
"loginview",11380
"webforms",11384
"inequality",11399
"checkins",11427
"commas",11433
"interrogating",11443
"sysobjects",11450
"solve",11451
"overlap",11455
"html-select",11460
"important",11462
"w3c",11464
"xhtml/css",11465
"finalizing",11468
"recovery",11478
"states",11479
"qstring",11506
"windows-services",11514
"output",11518
"graphics.drawstring",11520
"rsync",11530
"progress",11531
"tunnel",11549
"else",11553
"consulting",11573
"contracts",11578
"consultant",11579
"contractor",11580
"beginners",11581
"usercontrols",11591
"favourite",11596
"interacting",11599
"dbs",11601
"benchmark",11613
"comparing",11614
"benchmarking",11620
"fallback",11624
"scenario",11625
"binary-log",11629
"pre-build",11630
"deleting",11633
"visualsvn-server",11642
"crc32",11647
"capability",11657
"extensibility",11660
"water",11678
"mark",11679
"9i",11686
"htmlhelper",11698
"pylons",11704
"gone",11710
"away",11711
"everything",11730
"insert",11746
"instrumenting",11757
"instrumentation",11762
"enterprise",11767
