"","sort.dbContext."
"when",1
"setting",2
"a",3
"form",4
"'s",5
"opacity",6
"should",7
"i",8
"use",9
"decimal",11
"or",12
"double",13
"?",14
"'m",16
"new",17
"to",18
"c",19
"#",20
",",21
"and",22
"change",30
".",35
"this",36
"is",37
"my",38
"code",39
":",40
"=",43
"/",45
"try",52
"build",54
"it",55
"get",58
"error",60
"can",62
"not",63
"convert",65
"type",66
"'",68
"making",73
"but",78
"then",79
"the",80
"control",81
"doe",82
"n't",83
"work",84
"for",90
"me",91
"in",92
"vb.net",93
"what",95
"do",96
"need",98
"why",104
"percentage",108
"width",109
"child",110
"absolutely",112
"positioned",113
"parent",114
"ie7",117
"have",120
"an",121
"div",124
"containing",125
"several",126
"one",129
"of",130
"which",131
"on",144
"firefox",160
"safari",162
"if",164
"pixel",167
"there",189
"here",194
"easy",199
"fix",200
"besides",201
"css",215
"that",217
"html",221
"are",224
"any",226
"conversion",227
"tool",228
"porting",230
"visual",231
"j",232
"how",257
"calculate",260
"someone",261
"age",263
"datetime",270
"their",272
"relative",289
"time",290
"specific",294
"value",296
"display",301
"like",305
"2",306
"3",309
"day",310
"etc",315
"...",318
".net",321
"determine",327
"web",329
"user",330
"zone",333
"standard",338
"way",339
"server",343
"from",355
"http",357
"header",358
"part",360
"browser",369
"difference",375
"between",376
"math.floor",377
"(",378
")",379
"fill",408
"dataset",410
"datatable",413
"linq",416
"query",417
"resultset",418
"you",422
"service",431
"business",437
"return",442
"typed",444
"be",450
"over",454
"same",462
"via",479
"public",485
"static",486
"{",491
"string",492
";",496
"db",498
"execute",515
"select",530
"copy",534
"into",538
"!",545
"}",555
"so",579
"binary",595
"data",596
"mysql",598
"store",602
"database",609
"fastest",610
"pi",616
"solutions",617
"language",621
"-",624
"looking",628
"obtain",634
"personal",642
"more",645
"using",649
"number",665
"program",669
"test",671
"know",676
"assembly",681
"version",682
"option",690
"portable",695
"other",707
"with",715
"4",719
"1",723
"because",732
"testing",763
"include",770
"<",771
">",773
"define",785
"x",792
"diff",796
"printf",837
"``",839
"%",840
"''",851
"int",893
"case",914
"catch",915
"folding",919
"would",922
"used",946
"&",975
"start",1005
"stuff",1062
"will",1070
"only",1071
"x86",1074
"system",1077
"script",1108
"all",1111
"configuration",1113
"compiler",1202
"too",1211
"different",1217
"order",1226
"around",1230
"still",1240
"out",1242
"top",1243
"every",1244
"result",1255
"well",1260
"process",1266
"performance",1271
"algorithm",1272
"unix",1274
"latest",1276
"information",1277
"php",1279
"upcoming",1280
"release",1281
"trying",1284
"track",1286
"progress",1288
"6",1294
"see",1298
"authoritative",1310
"source",1311
"does",1313
"anybody",1314
"where",1316
"possible",1323
"feature",1325
"edit",1327
"some",1331
"far",1342
"tell",1346
"ha",1349
"long",1350
"based",1364
"developer",1378
"record",1380
"rather",1388
"than",1389
"throw",1395
"trigger",1399
"before",1405
"update",1406
"table",1409
"socket",1433
"api",1434
"c++",1436
"z/os",1438
"issue",1443
"getting",1444
"properly",1451
"am",1459
"could",1484
"coding",1496
"problem",1501
"much",1503
"unloading",1514
"bytearray",1516
"actionscript",1518
"anyone",1522
"unload",1527
"memory",1531
"without",1539
"success",1540
"[",1570
"]",1572
"null",1574
"idea",1578
"flex",1580
"check",1582
"sql",1587
"monitor",1593
"modifying",1606
"structure",1608
"preferred",1617
"programming",1618
"environment",1619
"support",1632
"ms",1633
"2000",1635
"higher",1638
"by",1639
"mean",1647
"event",1669
"application",1672
"instead",1674
"at",1681
"reliable",1687
"timer",1688
"console",1691
"threaded",1716
"thread",1727
"put",1750
"another",1752
"always",1757
"begin",1763
"while",1790
"anything",1805
"app",1808
"adding",1813
"loop",1817
"go",1830
"off",1831
"best",1841
"allow",1844
"plugins",1845
"starting",1852
"create",1867
"people",1870
"interface",1877
"very",1882
"done",1890
"really",1897
"sure",1898
"about",1907
"writing",1908
"architecture",1924
"multiple",1926
"submit",1927
"button",1928
"back",1948
"first",1961
"markup",1964
"press",1968
"enter",1969
"input",1986
"text",1989
"--",1999
"your",2001
"field",2005
"page",2024
"next",2048
"decide",2085
"distinct",2137
"ordered",2139
"list",2140
"name",2142
"column",2157
"collection",2164
"unique",2167
"office",2226
"2007",2227
"file",2228
"mime",2231
"types",2232
"identifying",2234
"characters",2235
"find",2239
"character",2247
"upload",2256
"extension",2264
"through",2296
"count",2309
"add",2316
"existing",2317
"comment",2318
"rdoc",2320
"ruby",2322
"got",2326
"these",2328
"make",2334
"started",2355
"understanding",2357
"subclipse",2369
"aptana",2371
"newest",2376
"subversion",2379
"available",2389
"manager",2395
"website",2411
"eclipse",2419
"remote",2426
"site",2428
"install",2442
"after",2455
"searching",2457
"found",2459
"equivalent",2494
"look",2505
"built",2509
"upgrade",2523
"question",2565
"experience",2581
"svn",2584
"adobe",2587
"air",2588
"sqlstatement.execute",2590
"statement",2598
"written",2601
"generation",2604
"integer",2625
"primary",2626
"key",2627
"varchar",2630
"filename",2645
"date",2670
"method",2722
"function",2726
"stream",2747
"filestream",2749
"no",2848
"exists",2856
"up",2869
"remove",2875
"fails",2880
"call",2887
"flat",2897
"databases",2899
"practice",2906
"creating",2908
"lot",2917
"framework",2925
"implement",2932
"syntax",2935
"purpose",2944
"most",2946
"just",2951
"point",2957
"trick",2964
"good",2969
"small",2975
"overhead",2977
"taking",2982
"place",2989
"gettimeofday",2995
"guaranteed",2998
"microsecond",3002
"resolution",3003
"game",3011
"wa",3013
"win32",3018
"linux",3021
"os",3027
"port",3029
"machine",3119
"variable",3126
"compiled",3155
"certain",3158
"being",3170
"branch/merge",3186
"tutorial",3187
"tortoise",3189
"branching",3200
"better",3208
"tortoisesvn",3217
"tutorials",3218
"anatomy",3219
"leak",3224
"prevent",3251
"away",3266
"affect",3281
"even",3287
"completion",3290
"com",3299
"complete",3316
"think",3321
"client",3330
"windows",3332
"vista",3333
"64bit",3335
"shell",3361
"teach",3372
"little",3376
"we",3387
"moved",3389
"happened",3414
"both",3415
"software",3421
"suggestion",3438
"run",3445
"editor",3461
"studio",3465
"ideal",3472
"decoding",3496
"t-sql",3497
"cast",3498
"/vb.net",3502
"injection",3517
"attack",3518
"encoding",3533
"command",3536
"encoded",3540
"s",3554
"set",3561
"decode",3590
"write",3620
"simple",3622
"as",3652
"translate",3724
"take",3738
"asp.net",3754
"maps",3756
"has",3757
"provider",3765
"default",3771
"xml",3772
"working",3775
"menu",3779
"modify",3799
"dynamically",3801
"permission",3810
"advice",3824
"article",3826
"read",3828
"video",3830
"converting",3840
"csv",3841
"java",3846
"library",3853
"tag",3872
"row",3880
"access",3892
"object",3893
"property",3894
"within",3896
"correct",3909
"getter/setter",3927
"outside",3934
"$",3961
"talking",4025
"private",4027
"oo",4036
"single",4045
"actually",4054
"getters",4104
"setter",4106
"topic",4138
"oop",4147
"export",4151
"2005",4156
"turn",4194
"ca",4223
"deal",4225
"comma",4235
"whatever",4240
"connect",4286
"view",4301
"stored",4303
"procedure",4304
"hard",4314
"us",4321
"many",4346
"care",4386
"relationship",4391
"xsd",4412
"datasets",4413
"ignoring",4415
"foreign",4416
"pretty",4421
"setup",4424
"current",4427
"contract",4439
"basic",4471
"id",4475
"drag",4499
"once",4504
"auto",4507
"two",4516
"exception",4581
"reference",4594
"encountered",4613
"integrity",4639
"schema",4646
"match",4647
"nice",4655
"downloads",4665
"apache/php",4667
"flash",4678
"player",4679
"automatically",4690
"apache",4723
"sync",4727
"revision",4730
"win",4765
"wpf",4768
"embedding",4775
"media",4777
"browsers",4781
"internal",4791
"them",4798
"now",4803
"internet",4810
"explorer",4811
"silverlight",4844
"yet",4846
"xp",4859
"sort",4873
"ie",4882
"under",4924
"recommended",4934
"large",4971
"print",4987
"document",4990
"security",5035
"constraint",5036
"free",5043
"printing",5050
"running",5069
"else",5119
"called",5170
"nothing",5176
"url",5210
"preview",5220
"dialog",5221
"annotating",5228
"youtube",5229
"programatically",5231
"normal",5240
"rectangle",5251
"each",5253
"require",5272
"front",5276
"end",5277
"generate",5290
"own",5307
"draw",5315
"reverse",5326
"engineer",5327
"either",5335
"local",5339
"plugin",5356
"ideas",5359
"error_log",5385
"per",5386
"virtual",5387
"host",5388
"5",5398
"everything",5409
"location",5434
"programmatically",5470
"pdf",5473
"recommend",5480
"color",5498
"wheel",5499
"solution",5513
"n",5531
"parameter",5543
"colors",5547
"floating",5549
"parsing",5552
"fun",5564
"format",5571
"parse",5597
"encounter",5603
"interpreted",5623
"last",5641
"detect",5709
"internationalization",5772
"upgrading",5774
"6.5",5777
"2008",5794
"migrate",5807
"path",5817
"documentation",5822
"native",5838
"utility",5842
"master",5911
"allows",5927
"oledb",5932
"package",5955
"index",5995
"management",6018
"had",6047
"join",6057
"quoted",6059
"identifier",6060
"appropriate",6084
"report",6137
"kind",6169
"migration",6175
"cloud",6185
"array",6188
"h1",6192
"h6",6194
"sizing",6196
"root",6213
"register",6283
"mailto",6288
"protocol",6289
"link",6299
"handle",6312
"quick",6327
"google",6328
"search",6329
"email",6360
"implementation",6385
"replace",6388
"useful",6395
"easily",6408
"insert",6431
"commit",6433
"distributed",6485
"git",6494
"dvcs",6527
"sqlite",6528
"development",6573
"forms",6635
"scripting",6638
"functionality",6639
"back-end",6658
"class",6697
"deployment",6777
"ref",6832
"extra",6843
"gtk",6862
"messagebox",6865
"inside",6901
"const",6914
"uint",6922
"window",6945
"switch",7090
"break",7106
"programmer",7132
"berkeleydb",7179
"concurrency",7180
"level",7197
"resource",7228
"lock",7244
"size",7250
"who",7263
"deleting",7296
"collaborative",7303
"bin",7306
"directory",7307
"checking",7316
"project",7329
"huge",7367
"task",7368
"ultimate",7377
"integrate",7418
"bug",7435
"repository",7456
"wo",7459
"open",7481
"alternative",7488
"downloading",7497
"ftp",7501
"integration",7513
"ide",7526
"dictionary",7575
"example",7597
"hash",7602
"word",7604
"map",7635
"custom",7654
"sorting",7665
"learn",7668
"theme",7681
"podcast",7685
"background",7715
"favorite",7727
"python",7730
"scheme",7732
"amount",7740
"continue",7865
"remember",7872
"down",7875
"live",7886
"big",7924
"migrations",7997
"engine",7998
"microsoft",8006
"session",8063
"nested",8104
"book",8218
"reading",8221
"scenario",8238
"avoid",8275
"naming",8278
"unsigned",8314
"signed",8317
"opinion",8326
"must",8425
"processing",8447
"piece",8456
"post",8466
"expand",8488
"skill",8490
"model",8500
"building",8544
"permutation",8557
"generating",8566
"length",8582
"you/should",8613
"automate",8615
"choice",8623
"real",8637
"config",8657
"confirm",8695
"send",8725
"marked",8730
"spam",8732
"sending",8755
"folder",8791
"mark",8820
"license",8831
"money",8838
"meaning",8875
"safety",8879
"warning",8880
"generic",8884
"casting",8963
"lucene",8965
"score",8966
"vb6",9054
"vb",9056
"company",9060
"customer",9069
"speed",9130
"platform",9187
"pas",9212
"position",9255
"transition",9264
"sell",9279
"bos",9284
"iphone",9304
"landscape",9307
"mode",9308
"device",9334
"aid",9347
"review",9349
"team",9353
"label",9367
"line",9385
"preferably",9410
"excel",9429
"reason",9436
"help",9505
"worth",9527
"guidelines",9539
"checklist",9540
"embedded",9574
"address",9600
"gravatar",9602
"image",9611
"potential",9641
"calling",9653
"already",9661
"common",9689
"c/c++",9694
"improve",9703
"asynchronous",9710
"fire",9726
"load",9744
"vc6",9777
"dll",9781
"locked",9784
"enable",9793
"full",9806
"intellisense",9842
"launch",9873
"mobile",9875
"favorites",9876
"screen..",9877
"screen",9887
"schedule",9902
"cron",9982
"job",9983
"rails",10014
"box",10023
"checkbox",10030
"users",10032
"logged",10039
"storing",10058
"font",10183
"mac",10190
"javascript",10198
"returned",10213
"osx",10245
"fonts",10273
"homegrown",10275
"consumption",10276
"consume",10298
"advantage",10335
"winforms",10341
"combobox",10342
"binding",10344
"gotcha",10345
"item",10401
"passed",10487
"together",10510
"layout",10566
"design",10567
"across",10568
"browsers/oss",10570
"jpeg",10596
"cross",10606
"frequent",10650
"systemexit",10651
"external",10671
"failed",10696
"tracking",10730
"rail",10741
"continuous",10855
"codebase",10861
"e-mail",10902
"person",10905
"teamcity",10915
"hook",10924
"suitable",10971
"tools",10978
"definitive",10982
"guide",10983
"authentication",10986
"websites",10991
"technical",11016
"solve",11027
"log",11059
"password",11069
"openid",11076
"validation",11101
"editing",11130
"series",11149
"beginning",11167
"influential",11202
"combination",11212
"negative",11267
"web.config",11375
"medium",11377
"trust",11378
"uploading",11380
"shared",11389
"specify",11455
"preference",11460
"java/c",11509
"oriented",11560
"languages",11562
"deploying",11592
"manage",11605
"powershell",11657
"express",11666
"lack",11725
"explain",11728
"deploy",11875
"exchange",11891
"cms",11899
"iis",11958
"3rd",12060
"100",12110
"show",12124
"mapi",12142
"cx_oracle",12143
"oracle",12149
"iterate",12172
"nt",12197
"4.0",12198
"workaround",12243
"compatibility",12248
"gui",12250
"apis",12252
"easiest",12275
"efficient",12373
"10000",12378
"prime",12379
"give",12394
"numbers",12441
"puzzle",12442
"primes",12443
"lambda",12448
"proc.new",12453
"choose",12492
"story",12548
"workspace",12580
"compiz",12583
"icon",12599
"desktop",12614
"drop",12621
"wall",12640
"swap",12727
"indexed",12729
"delete",12782
"earlier",12902
"reset",12912
"old",12970
"login",13041
"domain",13066
"provide",13090
"non-technical",13103
"network",13117
"active",13126
"incorrectly",13131
"ad",13202
"debugging",13217
"reducing",13220
"encrypting",13229
"passwords",13230
"ever",13251
"dependent",13289
"contribute",13312
"actively",13364
"member",13369
"build-/configuration",13408
"life",13426
"'in",13462
"attribute",13467
"keyboard",13532
"numeric",13584
"prefer",13604
"feel",13678
"computer",13689
"productivity",13741
"as/400",13747
"turned",13848
"provides",13975
"keyword",14008
"preferable",14060
"compact",14157
"edition",14158
"firebird",14175
"interesting",14201
"unit",14255
"vfp",14464
"64-bits",14473
"message",14534
"decent",14570
"gis/mapping",14574
"component",14575
"state",14589
"shown",14590
"mapping",14657
"django",14662
"argument",14693
"group",14736
"title",14793
"instance",14813
"localising",14859
"descriptor",14862
"hint",14933
"sense",14967
"postgresql",15007
"hosting",15027
"account",15028
"solving",15113
"linear",15115
"equation",15116
"objective",15130
"+",15153
"itertools.groupby",15210
"element",15259
"v",15354
"relational",15355
"objects",15357
"orm",15389
"dbs",15399
"offer",15400
"indexing",15414
"asp",15454
"sftp",15459
"classic",15463
"registry",15523
"settings",15524
"entry",15561
"profile",15628
"efficiently",15742
"sorted",15744
"sum",15745
"elegantly",15833
"left",15835
"aggregate",15838
"production",15940
"important",15972
"bigger",15997
"differ",16058
"becoming",16143
"cruisecontrol.net",16170
"msbuild",16172
"/p",16174
"outputpath",16176
"ccnetartifactdirectory",16178
"sparse",16269
"implementing",16325
"viable",16337
"detecting",16363
"rule",16373
"body",16378
"displaying",16465
"colemak",16518
"faster",16531
"output",16586
"formatting",16669
"variables",16830
"debug",16883
"reporting",16906
"absolute",16965
"unicode",16976
"war",17084
"world",17095
"word-break",17158
"dash",17161
"wrap",17200
"collation",17213
"connection",17273
"pay",17300
"dom",17362
"ajax",17365
"frameworks",17384
"online",17409
"style",17481
"right",17596
"recordset",17626
"literal",17655
"escape",17657
"unhandled",17739
"handler",17741
"1.1",17744
"response",17853
"mutex",17886
"imported",17894
"conference",17950
"speaker",18030
"vi",18391
"viewstate",18475
"request",18499
"lifecycle",18500
"hidden",18520
"side",18545
"rendered",18567
"'unprocessed",18606
"exceptionnotifier",18613
"2.1",18617
"ip",18684
"country",18686
"retrieve",18696
"content",18715
"picturebox",18751
"disk",18786
"locking",18841
"diversion",18983
"im",18988
"precision",18990
"heap",19057
"corruption",19058
"locate",19064
"multithreaded",19071
"identify",19139
"cpu",19220
"power",19221
"core",19244
"lightweight",19280
"rational",19325
"purify",19326
"ram",19376
"dev",19436
"operator",19469
"slow",19536
"overflow",19567
"rest",19657
"bayesian",19707
"filtering",19708
"learning",19733
"ocr",19740
"cheap",19750
"200",19755
"exceptions",19784
"ensure",19833
"agnostic",19878
".chm",19991
"webpage",20004
"jump",20105
"disadvantage",20114
"malloc",20322
"realloc",20328
"char",20348
"space",20413
"ccnet",20763
"sample",20770
"nant",20837
"graph",20850
"node",20867
"term",20897
"projects",20986
"community",21034
"subdomain",21070
"webapp",21075
"dns",21108
"logic",21132
"invalid",21154
"hyperlink",21230
"slide",21234
".ppt",21237
"presentation",21259
"csla",21299
"share",21376
"regex",21387
"pull",21390
"sub-string",21393
"whats",21422
"multi-direction",21442
"server-client",21443
"communication",21444
"wait",21580
"buffer",21662
"cvs",21688
"benefit",21730
"degrade",21789
"catching",21861
"malicious",21866
"requests",21868
"safe",21934
"limit",22009
"queue",22012
"t",22014
"inherited",22078
"supported",22087
"3.5/vs2008",22092
"beta",22153
"overlap",22219
"automated",22232
"block",22267
"curse",22299
"bar",22310
"particularly",22338
"straight-forward",22396
"solved",22399
"audio",22407
"callback",22414
"followup",22425
"finding",22427
"accurate",22429
"distance",22431
"mstest",22492
"crusecontrol.net",22494
"cruise",22542
"distinctiveness",22611
"bunch",22666
"ordering",22675
"random",22833
"zip",22879
"_single_",22997
"gtd",22999
"focus",23128
"subsonic",23261
"vs",23262
"nhibernate",23263
"parallelizing",23354
"cpu-intensive",23356
"barebones",23416
"functional",23423
"client-side",23486
"2.0",23503
"xampp/apache",23691
"serve",23692
"htdocs",23696
"configure",23701
"entire",23781
"bandwith",23822
"throttling",23823
"vpn",23853
"authenticated",23994
"plain",24000
"dynamic",24102
"le",24329
"methods",24509
"handling",24582
"apps",24587
"o",24732
"3.0",24740
"vim",24769
"emacs",24771
"vs.",24865
"integrating",24884
"favicon",24968
"apple-touch-icon",24969
"systems",24974
"laptop",25009
"continuing",25059
"hiding",25109
"dependency",25148
"duplicate",25285
"timeout",25414
"sleep",25430
"snippet",25484
"engineering",25651
"wordpress",25731
"offline",25734
"render",25757
"widget",25766
"archive",25827
"peer",25846
"plan",25955
"acceptable",26117
"3.5",26209
"ssh",26252
"ubuntu",26273
"behind",26282
"proxy",26284
"front-end",26334
"longtime",26355
"man",26412
"essential",26487
"bash",26510
"dimension",26572
"2005/8",26660
"backup",26673
"mechanisms",26704
"automating",26718
"backend",26796
"bad",26895
"logically",26935
"reorder",26936
"xfdl",27086
"template",27098
"modified",27210
"base64-gzip",27215
"folders",27227
"layer",27243
"editing/viewing",27265
"resources",27382
"statistic",27389
"calculation",27410
"stile",27524
"class/tables",27526
"route",27666
"critical",27707
"director",27781
"enumerated",27891
"career",28110
"corner",28147
"buffers",28180
"alt.net",28284
"preg_replace",28324
"offshoring/onshoring",28389
"india",28428
"barrier",28510
"suggestions",28675
"ternary",28684
"expression",28685
"firebug",28778
"student",28822
"msdn",28828
"federated",28852
"synced",28854
"accessing",28906
"conway",28923
"selection",29106
"organized",29269
"gone",29377
"organize",29448
"organizing",29542
"mouse",29545
"winapi",29674
"locating",29676
"modi",29762
"dictionaries",29829
"showing",29885
"triple",29967
"quotes",29968
"delimit",29973
"databound",29975
"anchor",29993
"passing",30135
"imports",30288
"latitude/longitude",30345
"distorted",30348
"coordinate",30362
"geographically",30366
"rsi",30620
"beat",30624
"developing",30796
"redirecttoaction",30804
"mvc",30807
"losing",30809
"redirect",30846
"how-to",30928
"objective-c",30934
"introduction",30940
"recommendation",30948
"datacontext",30973
"ui",31012
"section",31022
"keys",31072
"namespace",31166
"smaller",31220
"compression",31444
"behavior",31505
"1,2,3",31542
"lisp",31588
"macro",31589
"rid",31675
"databinding",31716
"illegal",31726
"regular",31893
"pattern",31899
"forum",31948
"degree",32011
"branch",32213
"persistence",32332
"strategy",32386
"querying",32422
"tdd",32457
"rss",32461
"feed",32466
"mvp",32590
"interfaces",32613
"coverage",32919
"byte",32953
"hashbytes",33011
"toggle",33097
"clicking",33099
"explicit",33121
"crud",33142
"freeware",33271
"icl",33272
"browsing",33332
"icons",33344
"sealed",33347
"benefits",33352
"runtime",33434
"enabled",33438
"favourite",33525
"graphic",33675
"webcontrols",33866
"ton",33948
"masterpage",34120
"bdd/tdd",34217
"bdd",34264
"commands",34413
"raid",34448
"datatables",34540
"resharper",34553
"adjustment",34556
"pointer",34746
"quality",34805
"super",34820
"driven",34860
"rewriting",34894
"filter",34930
"combine",34932
"deleted",35023
"gridview",35049
"vbscript",35245
"copying",35295
"webserver",35311
"comparing",35378
"icallbackeventhandler",35528
"enhancement",35602
"grid",35798
"textwrangler",35925
"passionate",35982
"interview",36065
"tab",36202
"onto",36204
"dropdown",36206
"maintenance",36404
"follow",36562
"monads",36585
"shortcut",36676
"struct",36691
"chunk",36731
"lately",37075
"referenced",37265
"agile",37520
"shop",37522
"blocking",37599
"recommendations",37640
"cocoa",37681
"self-balancing",37749
"bst",37750
"insertion",37753
"optimized",37853
"multicore",37902
"newtype",37952
"progressive",38001
"diagram",38181
"debugger",38495
"attached",38497
"work-around",38498
"obfuscation",38599
"tools/strategy",38600
"treeview",38801
"context",38803
"menus",38804
"tree",38814
"disable",38860
"autocomplete",38862
"stl-like",38896
"chart",38943
"effective",38994
"payment",39064
"web-based",39098
"accepts",39101
"clipboard",39103
"pagefile",39196
"cmdlets",39230
"wiki",39293
"planning",39462
"split",39463
"temporary",39590
"home",39697
"perl",39930
"username",39988
"pressed",40019
"w3c",40192
"compliant",40194
"xhtml",40198
"templates",40215
"documents",40262
"abstract",40406
"redirection",40557
"oddity",40558
"erlang",40670
"verification",40767
"elsewhere",40771
"getter",40843
"dual",40859
"arrow",41035
"global",41161
"hosted",41204
"xen",41224
"vms",41232
"portion",41400
"stick",41487
"ado.net",41510
"smart",41527
"arbg",41672
"rgb",41674
"null/nothing",41799
"mono",42003
"routing",42145
"la",42148
"advanced",42172
"scaling",42407
"curl",42670
"wget",42672
"paging",42783
"results",42787
"options",42999
"scraping",43002
"pack",43070
"spin",43462
"halting",43471
"application.run",43475
"guis",43499
"choosing",44113
"analysis",44117
"styles",44195
"rendering",44240
"textbox",44312
"popup",45089
"jxta",45149
"creation",45264
"executable",45398
"hsl",45476
"incomplete",45496
"turkish",45499
"full-text",45609
"wish",45614
"third",45983
"party",45984
"hacked",46214
"wysiwyg",46258
"bringing",47287
"tackled",47389
"hostname",47485
"recursion",48081
"unobtrusive",48179
"captcha",48180
"turing",48206
"safest",48262
"foreach",48368
"boot",48395
"startup",48404
"linking",48467
"communicate",48618
"serial",48621
"comparisons",48713
"procedural",48715
"inversion",48841
"whose",48937
"eval",48976
"mimic",49023
"partial",49140
"sharepoint",49145
"beginner",49232
"him",49315
"debian",49598
"installers",49630
"force",49717
"scalar",49720
"taskmgr.exe",49923
"vmware",49940
"usage",49980
"mbunit",50139
"merge",50203
"dlls",50278
"'best",50300
".htaccess",50530
"directive",50531
"*not*",50533
"urls",50536
"yyyy-mm-dd",50744
"hh",50745
"mm",50747
"managed",51184
"vstest",51255
"soloing",51267
"fogbugz",51269
"versus",51288
"integers",51395
"cache",51504
"caching",51524
"redistributable",51572
"midi",51603
"signal",51604
"usb",51607
"pc",51630
"capture",51689
"confused",51952
"respose.writefile",52096
"response.contenttype",52100
"messed",52242
"passion",52279
"convention",52289
"conventions",52337
"calculate/approximate",52344
"stand",52360
"peak",52464
"detection",52465
"measured",52467
"timer-based",52660
"reduce",53029
"ienumerator",53356
"height",53375
"recursively",53429
"ienumerable",53511
"capturing",53627
"openvpn",53737
"must-have",53862
"graphing",54019
"zend",54211
"configuring",54286
"questions",54318
"leading",54370
"wildcard",54371
"capability",54389
"troubleshooting",54603
"updates",54797
"ssl",54935
"doctype",55179
"transform",55292
"columns",55293
"rows",55295
"internals",55368
"http_referer",55373
"servlets",55541
"mappers",55649
"bodmas",55697
"rake",55838
"sqlserver",56182
"senior",56212
"pissing",56215
"junior",56231
"sap",56467
"intelligence",56469
"url/subversion",56530
"convince",57005
"system.windows.forms.linkbutton",57124
"workflow",57545
"distribution",57666
"burn",57790
"memcached",57799
"tree-view",57898
"executing",58222
"stsadm",58223
"sharepoint\system",58229
".bashrc",58610
"images",58645
"yea",58649
"nay",58651
"blob",58708
"enum",58790
"prototyping",58911
"mock",58935
"wmi",58985
"innerxml",59192
"xelement",59195
"replication",59349
"expensive",59607
"resolve",59649
"quadcore",59659
"typeset",59826
"audit",59946
"expired",60053
"concatenate",60169
"illegalargumentexception",60861
"nullpointerexception",60863
"profilers",61228
"long-running",61260
"high",61413
"multi-paradigm",61773
"testdriven.net",61829
"smb",61937
"exercise",62140
"httplistener",62182
"build.xml",62777
"ear",62780
"deploys",62782
"websphere",62784
"multidimensional",62887
"services",63004
"merged",63240
"view/table",63842
"ms-sql",63854
"ignore",64048
"configurationmanager.appsettings",64297
"concerns",64299
"configurationmanager",64529
"joomla",64841
"webcam",64933
"serialization",65005
"'nice",65266
"foundation",65337
"kick",65447
"linqdatasource",65484
"territory",65624
"alone",65695
"dictionary.keys",65752
"datagrid",65898
"messaging",66062
"tostring",66283
"primitive",66289
"autoboxing",66349
"programmatic",66521
"sms",66522
"pid",66675
"mocking",67101
"pages",67198
"wcf",67360
"availability",67363
"multi-language",67726
"generator",67728
"wca.exe",68103
"gems",68215
"lazy",68261
"stringbuilder",68365
"appending",68378
"everytime",68801
"rhinomocks",68913
"leg",69345
"304",69506
"ver",69821
"xming",69882
"etag",70262
"molap",70283
"filehelpers",70420
"auth",70458
"bookmarklet",70463
"xmp",70687
"discrete",70939
"cosine",70940
"prototype",71310
"csharpcodeprovider",71372
"compilation",71373
"mercurial",71399
"3.x",71623
"webstart",71803
"moniker",71978
"ids",72057
"verifying",72243
"choices",72401
"singleton",72518
"virtualpc",72578
"suited",72710
"expressions",72848
"arbitrary",72939
"moss",73249
"ssp",73250
"logons",73255
"failure",73410
"microcontroller",73555
"buy",73760
"ways",73923
"intern",74027
"xhtml/css",74092
"knew",74126
"webspere",74206
".net/c",74404
"string.indexof",74424
"shift",75035
"impact",75450
"primer",75600
"appear",76119
"widening",76177
"wrapping",76410
"enums",76720
"supporting",76844
"cash",76954
"easter",77001
"eggs",77002
"linked",77098
"ddl",77195
"alpha",77690
"secj0222e",77900
"5.1",77905
"remoting",77969
"vpns",77972
"plane",78141
"adma5026e",78322
"journal",78469
"rich",78992
"leader",79034
"securing",80107
"grails",80233
"switcher",80656
"comments",80795
"matlab",81055
"substring",81188
"1.5",81286
"alternatives",81322
"linqtoobjects",81647
"employment",81881
"consulting",81960
"associative",82055
"gwt",82702
"persist",83262
"incrementing",83272
"dataadapter",83280
"center",83449
"winform/visual",83668
"pure",83909
"tables",83986
"school",84072
"constructor",84157
"msf",84393
"cmmi",84395
"xsl",84629
"issues",84900
"bytes",85371
"encode",85447
"hungarian",85586
"classes",85720
"telligent",85795
"undoing",86116
"modalpopupextender",86157
"low",86364
"failng",86420
"public/popular",86802
"javaserver",86805
"faces",86806
"ing",86904
"microformats",86906
"throwing",86979
"picking",87101
"incorrect",87228
"rpc",87426
"libraries",87723
"models",87868
"packaging",87905
"ie6",88183
"404",88192
"analyzing",88509
"fragment",88791
"actionlink",88797
"professor",89039
"informix",89094
"spl",89095
"ui/layout",89245
"supplied",89530
"\microsoft.csharp.targets",89751
"formatable",89811
"dotnet",89815
"request.params",89960
"request.form",89962
"lower",90005
"overcome",90132
"plotting",90334
"'break",90396
"isnothing",90488
"inheritance",90760
"2000/5",90821
"underscore",90824
"patch-generation",90866
"improving",91322
"rcp",92040
"jnlp",92044
"80",92273
"backward",92387
"n-tier",93406
"genealogy",93958
"drop-down",94430
"yahoo",94614
"uuids",94752
"season/show/episode",95126
"describetype",95610
"accessor",95677
"setters",95955
"public/protected",95957
"log4net",96126
"movie",96983
"gathering",97254
"normalizing",97526
"if-conditions",98352
"repair",98564
"checksum",98566
"hooks",98841
"experiences",99127
"factory",99133
"practices",99157
"ff3",99190
"winxp",99191
"notifications",99446
"win64",99492
"distro",99543
"multiple-monitor",99574
"warcraft",99681
"tabbed",99708
"disappearing",99851
"array.length",99948
"cls",100049
"haml",100080
"dymanic",100087
"house",100554
"exam",100555
"sensitive",100652
"subscription",100703
"separated",100799
"closure",101522
"targeted",101594
"icalendar",101598
"mb",102670
"finalizing",102864
"arithmetic",102962
"conditioned",103283
"continuation",104014
"publisher",104185
"noticeably",104186
"marble",104351
"counting",104651
"php4",104823
"php5",104825
"ini",104859
"configurable",104864
"sgen.exe",105372
"register_globals",106142
"favicons",106280
"junit",106377
"testng",106379
"aop",107114
"fear",107224
"loathing",107226
"his/her",107514
"accelerator",107760
"icedtea",107797
"transparent",108201
"string.format",108299
".class",108906
"multicored",109291
"defensive",109498
"addins",109556
"considerations",109791
"subquery",109970
"delimited",109974
"directorynotfoundexception",110295
"corecon",110303
"teams",110662
"embeddable",110802
"contruction",111016
"shader",111294
"transcoding",111366
"dual/multiple",111463
"living",111780
"skinnable",112128
"sprite",112161
"rounded",112230
"visualization",112422
"abstraction",112912
"certified",113301
"groups",113402
"presentations",113417
"replacing",113532
"oses",113646
"0.1",113763
"1.4",113986
"edit-compile-test",114067
"animation",114344
"blending",114562
"nintendo",114565
"ds",114566
"homebrew",114567
"non-dynamic",114699
"inheriting",114704
"resin",114885
"scrollbar",114953
"programmerâ€™s",114985
"bounced",115046
"pop3",115049
"benchmark",115187
"largest",115367
"maximal",115370
"public-key",116089
"applet",116110
"limitless",116285
"linebreaks",116377
"untestable",116574
"redefining",117547
"unit-test",117788
"gallery2",117832
"autosizing",117994
"textarea",117995
"stress",118274
"dropping",118820
"pleae",119383
"ws-security",119789
"abap",119875
"reorganise",120182
"rebuild",120185
"xaml",120280
"wgs84",121637
"stderr",121846
"fprintf",121850
"symbolic",122056
"replicating",122446
"contracting",122693
"elance",122725
"mstdc",122742
"bulleted",122909
"ie8",123068
"max-height",123073
"dataviews",123270
"distincts",123272
"asp.net/vb",123275
"mousedown",123440
"windows/linux",123530
"delivering",123764
"opengl",123787
"visibility",124099
"gid",124680
"hate",124777
"loginview",125143
"inequality",125306
"checkins",125462
"commas",125536
"interrogating",125623
"recovery",126161
"states",126162
"graphics.drawstring",126912
"rsync",127191
"tunnel",127287
"beginners",127862
"interacting",128060
"fallback",128176
"pre-build",128305
"crc32",128503
"water",128668
"9i",128676
"htmlhelper",128713
"pylons",129000
"instrumenting",129822
