Chunk,ChunkHash,ChunkCount
c#,103,120
.net,321,101
asp.net,3754,60
database,609,56
sql-server,1685,52
language-agnostic,1273,51
php,1279,45
sql,1587,40
java,3846,40
visual-studio,7566,39
windows,3332,36
python,7730,36
svn,2584,34
javascript,10198,32
mysql,598,27
c++,1436,27
html,221,26
web,329,25
ruby,2322,24
linux,3021,21
tools,10978,21
unit-testing,11368,21
c,19,20
css,215,20
vb.net,93,19
version-control,4983,18
performance,1271,17
unix,1274,17
gui,12250,17
oop,4147,14
testing,763,13
flex,1580,13
security,5035,13
linq,416,12
xml,3772,12
web-development,8713,12
books,11209,12
mvc,30807,12
web-services,593,11
.net-3.5,594,11
winforms,10341,11
algorithm,1272,10
actionscript-3,1581,10
tutorials,3218,10
ide,7526,10
ruby-on-rails,10171,10
osx,10245,10
iis,11958,10
data-structures,20980,10
web-applications,21149,10
asp.net-mvc,30926,10
http,357,9
browser,369,9
multithreading,19669,9
tdd,32457,9
firefox,160,8
plugins,1845,8
csv,3841,8
library,3853,8
apache,4723,8
mac,10190,8
design,10567,8
ajax,17365,8
regex,21387,8
server,343,7
string,492,7
memory,1531,7
air,2588,7
exception,4581,7
flash,4678,7
scripting,6638,7
authentication,10986,7
polls,11210,7
hardware,13740,7
files,20200,7
bash,26510,7
winapi,29674,7
sharepoint,49145,7
math,404,6
eclipse,2419,6
shell,3361,6
maps,3756,6
wpf,4768,6
arrays,6280,6
email,6360,6
discussion,7821,6
keyboard,13532,6
productivity,13741,6
msbuild,16172,6
frameworks,17384,6
cvs,21688,6
self-improvement,26120,6
resources,27382,6
howto,37052,6
configuration,1113,5
compiler,1202,5
application,1672,5
architecture,1924,5
video,3830,5
pdf,5473,5
colors,5547,5
internationalization,5772,5
documentation,5822,5
git,6494,5
dvcs,6527,5
sqlite,6528,5
development,6573,5
deployment,6777,5
vb6,9054,5
iphone,9304,5
code-review,9531,5
open-source,10967,5
debugging,13217,5
postgresql,15007,5
indexing,15414,5
cruisecontrol.net,16170,5
graph,20850,5
software-engineering,25730,5
jobs,30202,5
linq-to-sql,31326,5
perl,39930,5
user-interface,52091,5
interview-questions,52284,5
internet-explorer,54716,5
teamwork,57428,5
career-development,96909,5
monitor,1593,4
timer,1688,4
syntax,2935,4
tortoisesvn,3217,4
editor,3461,4
migration,6175,4
search,6329,4
forms,6635,4
microsoft,8006,4
build-process,8715,4
team,9353,4
windows-mobile,9896,4
fonts,10273,4
continuous-integration,10979,4
oracle,12149,4
mapping,14657,4
unicode,16976,4
vpn,23853,4
ubuntu,26273,4
recommendation,30948,4
patterns,32659,4
optimization,33361,4
build-automation,34409,4
xhtml,40198,4
teaching,49243,4
websphere,62784,4
tfs,65483,4
mocking,67101,4
wcf,67360,4
design-patterns,72573,4
events,75837,4
compact-framework,109789,4
safari,162,3
datetime,270,3
datatable,413,3
query,417,3
data,596,3
theory,686,3
sockets,1511,3
environment,1619,3
button,1928,3
upload,2256,3
website,2411,3
setup,4424,3
silverlight,4844,3
google,6328,3
gtk,6862,3
collaboration,7408,3
hash,7602,3
sorting,7665,3
image,9611,3
validation,11101,3
compatibility,12248,3
encryption,13302,3
iteration,13531,3
django,14662,3
dates,14995,3
hosting,15027,3
orm,15389,3
registry,15523,3
settings,15524,3
xslt,16598,3
full-text-search,18980,3
rest,19657,3
chm,19965,3
malloc,20322,3
dns,21108,3
glossary,23260,3
favicon,24968,3
communities,26050,3
education,26121,3
ssh,26252,3
concepts,28313,3
ergonomics,30619,3
objective-c,30934,3
freeware,33271,3
running-time,33428,3
asp-classic,35244,3
functional-programming,36608,3
controls,36663,3
jquery,38016,3
tree,38814,3
mono,42003,3
sql-server-2005,42665,3
fogbugz,51269,3
caching,51524,3
ssl,54935,3
replication,59349,3
tsql,61055,3
game-development,65744,3
loops,70838,3
networking,70929,3
singleton,72518,3
internet-explorer-6,88783,3
contracting,122693,3
convert,65,2
conversion,227,2
j#,256,2
time,290,2
timezone,371,2
binary,595,2
language,621,2
challenge,643,2
assembly,681,2
x86,1074,2
triggers,1427,2
api,1434,2
console,1691,2
markup,1964,2
text,1989,2
office-2007,2281,2
subclipse,2369,2
remote,2426,2
64bit,3335,2
software,3421,2
membership,3815,2
article,3826,2
setter,4106,2
embed,4903,2
free,5043,2
printing,5050,2
url,5210,2
parsing,5552,2
format,5571,2
globalization,5773,2
mailto,6288,2
size,7250,2
ftp,7501,2
cross-platform,8603,2
ant,8714,2
email-spam,8871,2
generics,8961,2
type-safety,8964,2
vb,9056,2
legacy,9684,2
databinding,10560,2
openid,11076,2
installer,11447,2
release-management,11886,2
cms,11899,2
mapi,12142,2
cx-oracle,12163,2
qt,12293,2
efficiency,12440,2
puzzle,12442,2
primes,12443,2
ibm,13813,2
code-completion,14084,2
firebird,14175,2
gis,14658,2
reflection,14858,2
account,15028,2
asp,15454,2
profile,15628,2
pass-by-reference,16878,2
pass-by-value,16879,2
dom,17362,2
conferences,18073,2
viewstate,18475,2
filesystems,18882,2
floating-point,19055,2
cpu,19220,2
artificial-intelligence,19736,2
ocr,19740,2
nant,20837,2
projects,20986,2
powerpoint,21252,2
sql-injection,22007,2
io,22291,2
audio,22407,2
windows-server-2008,23482,2
permissions,24352,2
parameters,24508,2
methods,24509,2
vim,24769,2
emacs,24771,2
apple-touch-icon,24969,2
usability,25220,2
error-handling,25647,2
backup,26673,2
statistics,27515,2
hacking,27773,2
development-environment,29540,2
organizing,29542,2
rsi,30620,2
compression,31444,2
lisp,31588,2
coldfusion,32974,2
code-coverage,32975,2
icons,33344,2
bdd,34264,2
quality,34805,2
vbscript,35245,2
webserver,35311,2
asp.net-ajax,35913,2
graphics,37149,2
agile,37520,2
cocoa,37681,2
diagram,38181,2
database-design,38296,2
obfuscation,38599,2
planning,39462,2
erlang,40670,2
getter,40843,2
virtualization,41389,2
ado.net,41510,2
logging,42755,2
indexing-service,45601,2
cisvc,45603,2
properties,48016,2
procedural,48715,2
inversion-of-control,48880,2
exercises,49377,2
vmware,49940,2
mbunit,50139,2
mod-rewrite,50736,2
conventions,52337,2
installation,55997,2
sap,56467,2
workflow,57545,2
coding-style,57660,2
codes,57662,2
windows-vista,62059,2
static-analysis,63788,2
primitive,66289,2
autoboxing,66349,2
breaks,69807,2
mental-health,69808,2
hacks,70418,2
logs,70419,2
programming-languages,73940,2
cross-browser,83967,2
project-planning,85710,2
community-server,86115,2
product-management,87955,2
rcp,92040,2
client-scripting,94567,2
startups,96488,2
versions,97524,2
multiple-monitors,99707,2
usersgroup,113392,2
presentations,113417,2
extension-methods,114881,2
stress-testing,118597,2
xaml,120280,2
double,13,1
internet-explorer-7,223,1
timespan,323,1
user,330,1
header,358,1
dataset,410,1
asmx,429,1
service,431,1
pi,616,1
diff,796,1
printf,837,1
int,893,1
folding,919,1
improvement,1262,1
update,1406,1
coding,1496,1
mainframe,1512,1
zos,1513,1
null,1574,1
interface,1877,1
form-submit,2131,1
unique,2167,1
types,2232,1
filetypes,2282,1
rdoc,2320,1
aptana,2371,1
adobe,2587,1
generation,2604,1
integer,2625,1
remove,2875,1
exit,3270,1
com,3299,1
interop,3300,1
com-interop,3327,1
crash,3410,1
cast,3498,1
encoding,3533,1
ascii,3539,1
hex,3753,1
provider,3765,1
default,3771,1
navigation,3837,1
sitemap,3839,1
data-conversion,3888,1
bcp,4207,1
xsd,4412,1
schema,4646,1
mp3,4674,1
versioning,4759,1
media,4777,1
webbrowser,5136,1
youtube,5229,1
each,5253,1
ideas,5359,1
annotations,5380,1
reverse-engineering,5382,1
virtual,5387,1
color-space,5548,1
fun,5564,1
interpreted,5623,1
culture,5713,1
path,5817,1
oledb,5932,1
import,5946,1
enterprise,5985,1
management,6018,1
cloud,6185,1
tag-cloud,6282,1
delphi,6369,1
implementation,6385,1
database-queries,6484,1
x11,7178,1
concurrency,7180,1
berkeley-db,7299,1
directory,7307,1
extensions,7476,1
integration,7513,1
custom,7654,1
podcast,7685,1
scheme,7732,1
session,8063,1
reading,8221,1
expand,8488,1
confirm,8695,1
phing,8716,1
joeltest,8717,1
warnings,8962,1
lucene,8965,1
speed,9130,1
vb6-migration,9303,1
excel,9429,1
guidelines,9539,1
embedded,9574,1
whats-your-favourite,9597,1
gravatar,9602,1
exploit,9664,1
vc6,9777,1
dll,9781,1
intellisense,9842,1
mobile,9875,1
pocketpc,9897,1
ie-mobile,9898,1
cron,9982,1
scheduled-tasks,10005,1
checkbox,10030,1
photoshop,10196,1
binding,10344,1
layout,10566,1
teamcity,10915,1
hook,10924,1
extreme-programming,10980,1
guide,10983,1
medium-trust,11497,1
complexity,11648,1
powershell,11657,1
exchange,11891,1
windows-nt,12249,1
swing,12291,1
numbers,12441,1
lambda,12448,1
compiz,12583,1
metacity,12588,1
desktop,12614,1
non-technical,13103,1
active-directory,13228,1
passwords,13230,1
contribute,13312,1
wireless,13577,1
computer,13689,1
dvorak,13728,1
peripherals,13742,1
db2,13807,1
odbc,13967,1
as400,13969,1
wing-ide,14085,1
embedded-database,14244,1
vfp,14464,1
views,14788,1
title-case,14808,1
linear-algebra,15201,1
systems,15202,1
linear-equation,15203,1
pointers,15338,1
object-database,15453,1
sftp,15459,1
duplicates,15783,1
colemak,16518,1
qwerty,16533,1
sandcastle,16621,1
formatting,16669,1
xml-comments,16744,1
variables,16830,1
localization,17100,1
vague,17102,1
dash,17161,1
cs,17167,1
connection,17273,1
windows-server-2003,17338,1
clr,17796,1
monkeypatching,18382,1
vi,18391,1
lifecycle,18500,1
ip,18684,1
country,18686,1
lookup,18711,1
content,18715,1
picturebox,18751,1
macromedia,18792,1
heap,19057,1
lightweight,19280,1
rational,19325,1
purify,19326,1
ram,19376,1
rewrite,19468,1
instrumentation,19550,1
stack,19566,1
aix,19691,1
bayesian,19707,1
winhelp,19939,1
subdomain,21070,1
logic,21132,1
hyperlink,21230,1
csla,21299,1
malicious,21866,1
lamp,21959,1
xss,22006,1
queue,22012,1
collections,22082,1
beta,22153,1
terminal,22352,1
curses,22405,1
rockbox,22406,1
random,22833,1
zip,22879,1
utilities,22993,1
gtd,22999,1
subsonic,23261,1
nhibernate,23263,1
parallel-processing,23373,1
xampp,23702,1
server-configuration,23821,1
throttle,23867,1
address-bar,24596,1
literals,24762,1
laptop,25009,1
consultant,25074,1
polymorphism,25282,1
dependency-properties,25283,1
wordpress,25731,1
archive,25827,1
blogs,25844,1
plan,25955,1
peer-review,26049,1
command-line,26265,1
proxy,26284,1
xfdl,27086,1
projects-and-solutions,27263,1
compiler-construction,27383,1
legal,27772,1
ethics,27774,1
lingo,27793,1
shockwave,27886,1
enumeration,27907,1
application-integration,28077,1
protocol-buffers,28281,1
alt.net,28284,1
contractor,28484,1
software-industry,28568,1
offshoring,28569,1
ironruby,28621,1
ternary-operator,28757,1
firebug,28778,1
msdn,28828,1
simulation,29074,1
scheduling,29541,1
mouse,29545,1
training,29573,1
modi,29762,1
image-processing,29790,1
quotes,29968,1
anchor,29993,1
plot,30382,1
latitude,30557,1
longitude,30558,1
ipod-touch,30970,1
datacontext,30973,1
relate,31194,1
namespaces,31296,1
macros,31714,1
forum,31948,1
project-hosting,31973,1
rss,32461,1
mvp,32590,1
webforms,33204,1
.net-2.0,33503,1
web-controls,34111,1
master-pages,34208,1
cairngorm,34354,1
raid5,34479,1
storage,34543,1
resharper,34553,1
url-rewriting,34925,1
url-routing,34926,1
grid,35798,1
textwrangler,35925,1
maintenance,36404,1
sqa,36581,1
monads,36585,1
haskell,36607,1
tabs,36685,1
progressive-enhancement,38177,1
visual-studio-2008,38594,1
treeview,38801,1
menus,38804,1
autocomplete,38862,1
payment,39064,1
clipboard,39103,1
text-editor,39194,1
cmdlets,39230,1
wiki,39293,1
serverside,39580,1
group-by,40010,1
w3c,40192,1
templates,40215,1
web-design,40216,1
redirection,40557,1
ksh,40665,1
verification,40767,1
dual,40859,1
shortcuts,41133,1
user-controls,41223,1
xen,41224,1
date-conversion,41476,1
rgb,41674,1
releasing,41931,1
memory-management,41996,1
routing,42145,1
for-xml,42667,1
curl,42670,1
paging,42783,1
ul,42929,1
screen-scraping,43110,1
html-parsing,43111,1
webscraping,43112,1
html-content-extraction,43113,1
marshalling,43458,1
jxta,45149,1
executable,45398,1
hsl,45476,1
turkish,45499,1
dep,45768,1
wysiwyg,46258,1
cracking,47285,1
hijacked,47286,1
nslookup,47810,1
dynamic-data,48027,1
recursion,48081,1
computer-science,48175,1
captcha,48180,1
foreach,48368,1
boot,48395,1
office-2003,48612,1
maintainability,48783,1
xna,49498,1
debian,49598,1
scalar,49720,1
references,49917,1
hanging,50095,1
merge,50203,1
.htaccess,50530,1
mappath,51228,1
repository-pattern,51251,1
redistributable,51572,1
midi,51603,1
signal-processing,51711,1
hiring,52260,1
passion,52279,1
convention,52289,1
big-o,52462,1
reduce,53029,1
language-design,53162,1
ienumerator,53356,1
height,53375,1
ienumerable,53511,1
outlook,54006,1
graphing,54019,1
mysql-query,54928,1
https,54976,1
iframe,55114,1
doctype,55179,1
columns,55293,1
servlets,55541,1
http-referer,55641,1
filemanagement,55834,1
rake,55838,1
cli,55912,1
clickonce,55928,1
wix,56105,1
social,56498,1
developerexpress,57192,1
issue-tracking,57299,1
groupwork,57429,1
diplomacy,57663,1
stsadm,58223,1
impersonation,58603,1
privileges,58604,1
blob,58708,1
propertygrid,58752,1
msi,58908,1
windows-installer,58910,1
prototyping,58911,1
wmi,58985,1
components,59153,1
innerxml,59192,1
xelement,59195,1
audit,59946,1
union,60198,1
vdproj,60548,1
nullpointerexception,60863,1
wow,61195,1
profiling,61250,1
profiler,61251,1
application-advice,61252,1
serial-port,61772,1
paradigms,61827,1
testdriven.net,61829,1
vista64,61919,1
smb,61937,1
multilingual,62767,1
ear,62780,1
j2ee,62881,1
code-snippets,63831,1
file-io,64211,1
real-time,64397,1
joomla,64841,1
webcam,64933,1
streaming,65002,1
serialization,65005,1
directed-graph,65087,1
process-management,65330,1
voronoi,65664,1
messaging,66062,1
activemq,66110,1
sms,66522,1
business-logic-layer,67242,1
object-datasource,67243,1
soa,67455,1
mfc,67495,1
generator,67728,1
xul,67843,1
xulrunner,67994,1
dynamic-sql,68094,1
gem,68244,1
stringbuilder,68365,1
windows-xp,68787,1
operating-system,68789,1
rhino-mocks,69340,1
t4,69459,1
dsl,69464,1
vsx,69496,1
pinvoke,69769,1
xming,69882,1
sql-server-2008,70257,1
etag,70262,1
olap,70383,1
textfiles,70416,1
filehelpers,70420,1
del.icio.us,70472,1
delicious-api,70684,1
xmp,70687,1
qos,70871,1
adsl,70894,1
modem,70895,1
isp,70923,1
dct,71210,1
prototype,71310,1
mercurial,71399,1
webstart,71803,1
jni,71849,1
nativelibrary,71971,1
moniker,71978,1
moss,73249,1
ssp,73250,1
microcontroller,73555,1
clustering,74249,1
zend-studio,74707,1
directx,74984,1
xml-sig,75081,1
ansi,75469,1
assemblies,76714,1
enums,76720,1
easter-eggs,77057,1
ddl,77195,1
remoting,77969,1
dependency-injection,78986,1
leader,79034,1
family,79570,1
programmers,79723,1
grails,80233,1
groovy,80521,1
software-tools,80591,1
comments,80795,1
matlab,81055,1
interbase,81299,1
consulting,81960,1
job-boards,81964,1
standards,82005,1
virtual-directory,82533,1
gwt,82702,1
charts,82810,1
work-hours,83258,1
reporting-services,83558,1
software-lifecycle,84131,1
msf,84393,1
cmmi,84395,1
ecommerce,85369,1
sgml,85581,1
hungarian-notation,85611,1
self-documenting-code,85612,1
wss,86356,1
memory-leaks,86567,1
jsf,86880,1
microformats,86906,1
web2.0,87010,1
html5,88927,1
xcode,88958,1
schools,89089,1
informix,89094,1
spl,89095,1
utf-8,89516,1
home-server,90085,1
diy,90086,1
cmd.exe,90118,1
inheritance,90760,1
patchgeneration,91540,1
ms-access,91851,1
jnlp,92044,1
backwards-compatibility,92709,1
dnsmasq,93228,1
n-tier,93406,1
linker,93617,1
visual-c++,93955,1
genealogy,93958,1
yahoo,94614,1
uuid,94905,1
log4net,96126,1
helpfile,96624,1
gltail,96693,1
connection-string,98346,1
if-statement,98563,1
repair,98564,1
processes,98766,1
software-development,99187,1
scsf,99188,1
software-factory,99189,1
ganymede,99500,1
eclipse-3.4,99568,1
warcraft,99681,1
customization,99845,1
cls,100049,1
cls-compliant,100077,1
unsigned-integer,100079,1
haml,100080,1
skills,100241,1
foreign-keys,100548,1
sybase,100810,1
ase,100982,1
icalendar,101598,1
ical,101643,1
gmail,101652,1
recurrence,101705,1
google-app-engine,102476,1
getting-started,102959,1
new-project,102960,1
arithmetic,102962,1
awk,103011,1
continuations,104096,1
publishers,104267,1
covariance,104647,1
ini,104859,1
configuration-files,104962,1
rule-engine,105371,1
junit,106377,1
testng,106379,1
aop,107114,1
icedtea,107797,1
openjdk,107815,1
java-7,107941,1
string.format,108299,1
base64,108620,1
gzip,108711,1
scalability,109420,1
recreational-programming,109497,1
defensive-programming,109554,1
lua,109686,1
corecon,110303,1
code-reuse,111012,1
construction,111086,1
lazy-initialization,111292,1
shader,111294,1
transcode,111376,1
flv,111418,1
mp4,111423,1
google-perftools,111578,1
parents,111836,1
skins,112253,1
graph-layout,112577,1
industry,112824,1
decisions,113202,1
embedded-systems,113203,1
mcpd,113310,1
mcts,113312,1
certification,113326,1
entrepreneurship,113531,1
filenames,113635,1
animation,114344,1
nintendo-ds,114599,1
resin,114885,1
caucho,114947,1
pop3,115049,1
flags,115363,1
geometry,115715,1
applet,116110,1
whitespace,116534,1
line-breaks,116535,1
turing-machines,116566,1
turing-complete,116567,1
refactoring,116675,1
source-code,116809,1
buffer-overflow,116944,1
automake,117757,1
autoconf,117781,1
selenium,117802,1
performance-monitoring,118598,1
linq-to-objects,118819,1
ws-security,119789,1
abap,119875,1
rebuild,120185,1
reorganize,120221,1
workstations,121266,1
wgs84,121637,1
symlink,122242,1
mergesort,122667,1
msdtc,122778,1
internet-explorer-8,123267,1
dataview,123310,1
swt,123546,1
software-distribution,123758,1
opengl,123787,1
myeclipse,124188,1
activerecord,124909,1
inequality,125306,1
sysobjects,125656,1
html-select,125955,1
qstring,126488,1
windows-services,126906,1
rsync,127191,1
contracts,127859,1
usercontrols,128052,1
benchmarking,128172,1
fallback,128176,1
binary-log,128304,1
visualsvn-server,128498,1
crc32,128503,1
extensibility,128539,1
pylons,129000,1
