"katyperry","1"
"justinbieber","2"
"ladygaga","3"
"BarackObama","4"
"taylorswift13","5"
"YouTube","6"
"britneyspears","7"
"rihanna","8"
"instagram","9"
"jtimberlake","10"
"twitter","11"
"JLo","12"
"TheEllenShow","13"
"Cristiano","14"
"shakira","15"
"Oprah","16"
"Pink","17"
"ddlovato","18"
"OfficialAdele","19"
"KimKardashian","20"
"Harry_Styles","21"
"aliciakeys","22"
"KAKA","23"
"BrunoMars","24"
"selenagomez","25"
"NICKIMINAJ","26"
"onedirection","27"
"Eminem","28"
"NiallOfficial","29"
"MileyCyrus","30"
"pitbull","31"
"aplusk","32"
"Real_Liam_Payne","33"
"cnnbrk","34"
"Louis_Tomlinson","35"
"MariahCarey","36"
"LilTunechi","37"
"AvrilLavigne","38"
"BillGates","39"
"davidguetta","40"
"twitter_es","41"
"facebook","42"
"chrisbrown","43"
"Beyonce","44"
"Drake","45"
"ParisHilton","46"
"RyanSeacrest","47"
"ArianaGrande","48"
"wizkhalifa","49"
"JimCarrey","50"
"coldplay","51"
"zaynmalik","52"
"EmWatson","53"
"CNN","54"
"UberSoc","55"
"xtina","56"
"ashleytisdale","57"
"jimmyfallon","58"
"SnoopDogg","59"
"iamwill","60"
"tyrabanks","61"
"FCBarcelona","62"
"AlejandroSanz","63"
"charliesheen","64"
"MTV","65"
"kanyewest","66"
"KourtneyKardash","67"
"KingJames","68"
"realmadrid","69"
"nytimes","70"
"ricky_martin","71"
"agnezmo","72"
"iamdiddy","73"
"carlyraejepsen","74"
"ConanOBrien","75"
"neymarjr","76"
"KevinHart4real","77"
"ivetesangalo","78"
"kelly_clarkson","79"
"SimonCowell","80"
"TwitPic","81"
"danieltosh","82"
"NBA","83"
"Usher","84"
"Ludacris","85"
"paulocoelho","86"
"juanes","87"
"khloekardashian","88"
"edsheeran","89"
"LeoDiCaprio","90"
"BBCBreaking","91"
"DalaiLama","92"
"paurubio","93"
"10Ronaldinho","94"
"programapanico","95"
"SHAQ","96"
"ClaudiaLeitte","97"
"LMFAO","98"
"nickjonas","99"
"WayneRooney","100"
"funnyordie","101"
"TweetRAMALAN","102"
"MohamadAlarefe","103"
"SrBachchan","104"
"google","105"
"LucianoHuck","106"
"andresiniesta8","107"
"tomhanks","108"
"lindsaylohan","109"
"ActuallyNPH","110"
"3gerardpique","111"
"50cent","112"
"rustyrockets","113"
"sherinamunaf","114"
"maroon5","115"
"ZacEfron","116"
"SabrinaSatoReal","117"
"espn","118"
"victoriabeckham","119"
"TreySongz","120"
"jessicaalba","121"
"SamsungMobile","122"
"JessicaSimpson","123"
"Anahi","124"
"VictoriaJustice","125"
"marcosmion","126"
"KendallJenner","127"
"vineapp","128"
"enrique305","129"
"EvaLongoria","130"
"joejonas","131"
"JessieJ","132"
"snooki","133"
"TheRock","134"
"SportsCenter","135"
"daddy_yankee","136"
"stephenfry","137"
"LunaMaya26","138"
"detikcom","139"
"iamsrk","140"
"BreakingNews","141"
"radityadika","142"
"CodySimpson","143"
"XabiAlonso","144"
"CNNEE","145"
"PerezHilton","146"
"cesc4official","147"
"NeYoCompound","148"
"Carles5puyol","149"
"rafinhabastos","150"
"IAMQUEENLATIFAH","151"
"ChespiritoRGB","152"
"davidbisbal","153"
"OMGFacts","154"
"annecurtissmith","155"
"BeingSalmanKhan","156"
"FCBarcelona_es","157"
"KELLYROWLAND","158"
"UberFacts","159"
"StephenAtHome","160"
"JohnCena","161"
"luisfonsi","162"
"CherLloyd","163"
"vidialdiano","164"
"afgansyah_reza","165"
"OneLouderApps","166"
"RafaelNadal","167"
"SofiaVergara","168"
"hootsuite","169"
"TheOnion","170"
"MirandaCosgrove","171"
"rede_globo","172"
"NASA","173"
"Starbucks","174"
"nfl","175"
"chelseahandler","176"
"aamir_khan","177"
"106andpark","178"
"channingtatum","179"
"thalia","180"
"CMYLMZ","181"
"twitcam","182"
"KDTrey5","183"
"justdemi","184"
"Legendarios","185"
"ciara","186"
"MichelleObama","187"
"rickygervais","188"
"peoplemag","189"
"marcoluque","190"
"DaniloGentili","191"
"TIME","192"
"priyankachopra","193"
"KylieJenner","194"
"NatGeo","195"
"Akon","196"
"jason_mraz","197"
"ollyofficial","198"
"Dr_alqarnee","199"
"iTunesMusic","200"
"Guaje7Villa","201"
"d)","202"
"ZooeyDeschanel","203"
"Tyga","204"
"SethMacFarlane","205"
"shugairi","206"
"SamsungMobileUS","207"
"BigSean","208"
"official_flo","209"
"rioferdy5","210"
"MarcAnthony","211"
"realwbonner","212"
"shireensungkar","213"
"JonasBrothers","214"
"showdavida","215"
"johnlegend","216"
"deepikapadukone","217"
"aguerosergiokun","218"
"blakeshelton","219"
"Calle13Oficial","220"
"GirIStruggles","221"
"Tip","222"
"MarceloTas","223"
"SarahKSilverman","224"
"AustinMahone","225"
"LittleMixOffic","226"
"montanertwiter","227"
"Metro_TV","228"
"Fearnecotton","229"
"officialjaden","230"
"bellathorne","231"
"iHrithik","232"
"Notebook","233"
"JuanLuisGuerra","234"
"JColeNC","235"
"maryjblige","236"
"NasehatSuper","237"
"bepe20s","238"
"oceara","239"
"rodrigovesgo","240"
"adamlevine","241"
"DwightHoward","242"
"DulceMaria","243"
"NickCannon","244"
"yokoono","245"
"MesutOzil1088","246"
"luansantana","247"
"NicoleScherzy","248"
"jennettemccurdy","249"
"andersoncooper","250"
"TheXFactor","251"
"bep","252"
"CHAYANNEMUSIC","253"
"robkardashian","254"
"FloydMayweather","255"
"dahsyatnyaolga","256"
"SteveMartinToGo","257"
"souljaboy","258"
"Pontifex_es","259"
"iansomerhalder","260"
"LennyKravitz","261"
"lilyallen","262"
"WhiteHouse","263"
"cinema21","264"
"noaheverett","265"
"TwitterMusic","266"
"SandyLeah","267"
"CherylCole","268"
"TomCruise","269"
"DJPaulyD","270"
"TheEconomist","271"
"Persie_Official","272"
"Android","273"
"RedHourBen","274"
"MacMiller","275"
"ahickmann","276"
"IrfanBachdim10","277"
"RevRunWisdom","278"
"SBYudhoyono","279"
"cbabdullahgul","280"
"nicolerichie","281"
"llcoolj","282"
"DwyaneWade","283"
"Ricardo_Arjona","284"
"hollywills","285"
"msleamichele","286"
"SpiderAnderson","287"
"carmeloanthony","288"
"chavezcandanga","289"
"ninadobrev","290"
"Fiuk","291"
"RealLamarOdom","292"
"kevinjonas","293"
"akshaykumar","294"
"EugenioDerbez","295"
"salman_alodah","296"
"143redangel","297"
"pepatah","298"
"FCBarcelona_cat","299"
"serenawilliams","300"
"gitagut","301"
"GalileaMontijo","302"
"JKCorden","303"
"SergioRamos","304"
"MikeTyson","305"
"kobebryant","306"
"olla_ramlan","307"
"HilaryDuff","308"
"galifianakisz","309"
"sachin_rt","310"
"WhatTheFFacts","311"
"Zendaya","312"
"DiegoForlan7","313"
"JordinSparks","314"
"WWE","315"
"FALCAO","316"
"lancearmstrong","317"
"piersmorgan","318"
"AlanCarr","319"
"Microsoft","320"
"siwon407","321"
"Dior","322"
"WSJ","323"
"RT_Erdogan","324"
"ScottDisick","325"
"BlackBerry","326"
"hcapriles","327"
"CHANEL","328"
"JonahHill","329"
"rainnwilson","330"
"simonpegg","331"
"richardbranson","332"
"donghae861015","333"
"AJArabic","334"
"OMARCHAPARRO","335"
"Reuters","336"
"TigerWoods","337"
"kata2bijak","338"
"OfficialWillow","339"
"linkinpark","340"
"SeanKingston","341"
"mashable","342"
"jamieoliver","343"
"KeriHilson","344"
"ochocinco","345"
"HuffingtonPost","346"
"pittyleone","347"
"oserginho","348"
"TomCavalcante1","349"
"bridgitmendler","350"
"KrisJenner","351"
"tvOneNews","352"
"ClaroRonaldo","353"
"werevertumorro","354"
"jimmycarr","355"
"WholeFoods","356"
"AlArabiya_Brk","357"
"yelyahwilliams","358"
"CalvinHarris","359"
"mishari_alafasy","360"
"DaniAlvesD2","361"
"BillCosby","362"
"iCarly","363"
"FoxNews","364"
"RealHughJackman","365"
"wossy","366"
"komedyieni","367"
"GloriaTrevi","368"
"Nelly_Mo","369"
"iamjamiefoxx","370"
"tonyhawk","371"
"psy_oppa","372"
"keshasuxx","373"
"KellyOsbourne","374"
"premierleague","375"
"JENNIWOWW","376"
"NabilAlawadhy","377"
"Pontifex","378"
"PretaGil","379"
"hulyavsar","380"
"snaptu","381"
"azizansari","382"
"RitaOra","383"
"vicegandako","384"
"IamAngelicaP","385"
"mirandalambert","386"
"GalatasaraySK","387"
"Lakers","388"
"EleanorJCalder","389"
"arrahman","390"
"Disney","391"
"girlposts","392"
"jess_iskandar","393"
"scooterbraun","394"
"IAMJHUD","395"
"Wale","396"
"jimmykimmel","397"
"shahidkapoor","398"
"wyclef","399"
"Gusttavo_lima","400"
"OfficialOzzy","401"
"ChampionsLeague","402"
"DemetAkalin","403"
"indrabektiasli","404"
"DisneyPixar","405"
"tylerperry","406"
"PlayStation","407"
"micheltelo","408"
"MLB","409"
"julietav","410"
"TravieMcCoy","411"
"sonamakapoor","412"
"juniorbachchan","413"
"RollingStone","414"
"wisinyyandel","415"
"GaryBarlow","416"
"jimjonescapo","417"
"lucyhale","418"
"joelmchale","419"
"DONOMAR","420"
"toptweets","421"
"VictoriasSecret","422"
"VINNYGUADAGNINO","423"
"SoDamnTrue","424"
"MCHammer","425"
"Arsenal","426"
"voguemagazine","427"
"Lord_Sugar","428"
"officialtulisa","429"
"NoticiasRCN","430"
"RandyOrton","431"
"muyinteresante","432"
"NellyFurtado","433"
"DrOz","434"
"bigtimerush","435"
"Skrillex","436"
"1DThisIsUs","437"
"EmilyOsment","438"
"LanaDelRey","439"
"NoelSchajris","440"
"carrieunderwood","441"
"LaurenConrad","442"
"Dropbox","443"
"CarlosLoret","444"
"TechCrunch","445"
"chelseafc","446"
"NickelodeonTV","447"
"autocorrects","448"
"ChinoyNacho","449"
"antanddec","450"
"GiulianaRancic","451"
"lulopilato","452"
"usainbolt","453"
"Jenna_Marbles","454"
"alyankovic","455"
"amandabynes","456"
"NoticiasCaracol","457"
"CHRISDJMOYLES","458"
"kc_concepcion","459"
"robdyrdek","460"
"Skype","461"
"ntvspor","462"
"syntekoficial","463"
"el_pais","464"
"GreenDay","465"
"narendramodi","466"
"polo_polo","467"
"MeekMill","468"
"SamuelLJackson","469"
"VanessaHudgens","470"
"1victorvaldes","471"
"drdrew","472"
"MYXphilippines","473"
"DaneCook","474"
"YordiRosado","475"
"gabyespino","476"
"Tyrese","477"
"QueenRania","478"
"kendricklamar","479"
"lopezdoriga","480"
"eddieizzard","481"
"louisck","482"
"okanbayulgen","483"
"twittermedia","484"
"shitmydadsays","485"
"FreddyAmazin","486"
"diegotorres","487"
"samuelmilby","488"
"GeErgen","489"
"la_patilla","490"
"Ahlam_Alshamsi","491"
"JakeTAustin","492"
"realmadriden","493"
"QUEENCK020589","494"
"UncleRUSH","495"
"paulpierce34","496"
"sabqorg","497"
"MrPeterAndre","498"
"luckymanzano","499"
"S_C_","500"
"TFLN","501"
"damnitstrue","502"
"AlArabiya","503"
"KevinSpacey","504"
"DeboConfesarQue","505"
"AndreaLegarreta","506"
"Schwarzenegger","507"
"JanetJackson","508"
"rickyrozay","509"
"lala","510"
"DollyParton","511"
"G_Higuain","512"
"DannyDeVito","513"
"Fergie","514"
"SaraBareilles","515"
"FraseDeSarcasmo","516"
"JohnCleese","517"
"MarthaStewart","518"
"DaniellePeazer","519"
"CBSNews","520"
"DebbyRyan","521"
"MensHumor","522"
"petewentz","523"
"ABC","524"
"echofon","525"
"angelicaksy","526"
"ThatsSarcasm","527"
"EW","528"
"twittermobile","529"
"Fonseca","530"
"ashleesimpson","531"
"ReggieBush","532"
"Lmao","533"
"portalR7","534"
"questlove","535"
"luisnani","536"
"EspinozaOficial","537"
"LuceroMexico","538"
"NewYorker","539"
"jimmyeatworld","540"
"tonyhsieh","541"
"BET)","542"
"ariyoshihiroiki","543"
"VEJA","544"
"FePaesLeme","545"
"TwitterSports","546"
"FactsOfSchool","547"
"belindapop","548"
"karanjohar","549"
"BustaRhymes","550"
"juanmata10","551"
"iamsuperbianca","552"
"pattiemallette","553"
"maddow","554"
"AP","555"
"CH14_","556"
"manomenezes","557"
"BestTextMsgs","558"
"RealTracyMorgan","559"
"ithinkthatway","560"
"DrakeBell","561"
"Slash","562"
"paramore","563"
"MuratBoz","564"
"MTVNews","565"
"ComedyTruth","566"
"mtvspain","567"
"MundoDeLaRisa","568"
"bgagliasso","569"
"nikkigil","570"
"JeremyClarkson","571"
"ana_maria_braga","572"
"jaimecamil","573"
"jk_rowling","574"
"danawhite","575"
"MaiteOficial","576"
"algore","577"
"CP3","578"
"LaVidaEnLetras","579"
"1LoganHenderson","580"
"jamesmaslow","581"
"FelipeCalderon","582"
"ial)","583"
"WhennBoys","584"
"mindykaling","585"
"rialjorge","586"
"RaffiAhmadLagi","587"
"addthis","588"
"JoshDevineDrums","589"
"kompascom","590"
"FrancoDVita","591"
"XSTROLOGY","592"
"SteveCarell","593"
"dahSyatMusik","594"
"GLEEonFOX","595"
"myfabolouslife","596"
"Support","597"
"AlvaroUribeVel","598"
"OVJ_Trans7","599"
"alexoficial","600"
"apriliokevin","601"
"DavidHenrie","602"
"AdamSchefter","603"
"Fenerbahce","604"
"aarbeloa17","605"
"Alyssa_Milano","606"
"bernardokath","607"
"sertaberener","608"
"iyavillania","609"
"DjKingAssassin","610"
"TiagoLeifert","611"
"shreyaghoshal","612"
"mustafaceceli","613"
"ComedyPosts","614"
"DjokerNole","615"
"greysonchance","616"
"TomDaley1994","617"
"Pharrell","618"
"LukeBryanOnline","619"
"AristoteIes","620"
"cerati","621"
"elissakh","622"
"shfly3424","623"
"paulwesley","624"
"MasQuePalabras","625"
"globovision","626"
"msdhoni","627"
"LifeFacts","628"
"deadmau5","629"
"AshBenzo","630"
"Xbox","631"
"InStyle","632"
"markhoppus","633"
"disneywords","634"
"jasonderulo","635"
"TheMandyMoore","636"
"YengPLUGGEDin","637"
"Tbambino","638"
"JoyceMeyer","639"
"intel","640"
"DENISE_RICHARDS","641"
"jasonsegel","642"
"Number10gov","643"
"ThatKevinSmith","644"
"gadiiing","645"
"thekillers","646"
"Burberry","647"
"NancyAjram","648"
"Nike","649"
"CFKArgentina","650"
"jack","651"
"YouTubeTrends","652"
"GermanGarmendia","653"
"TimTebow","654"
"IBGDRGN","655"
"jeremypiven","656"
"RobertsEmma","657"
"yilmazerdogan","658"
"RyanSheckler","659"
"MirandaKerr","660"
"TweetDeck","661"
"themichaelowen","662"
"kuyakim_atienza","663"
"Forbes","664"
"MadhuriDixit","665"
"ntv","666"
"LuisChataing","667"
"kingsthings","668"
"common","669"
"NBCTheVoice","670"
"HHShkMohd","671"
"WIRED","672"
"funnyortruth","673"
"tiesto","674"
"wilw","675"
"TareqAlSuwaidan","676"
"TherealTaraji","677"
"JoeyEssex_","678"
"jhutch1992","679"
"hitRECordJoe","680"
"Poconggg","681"
"pepsi","682"
"PaulaAbdul","683"
"special1004","684"
"PBiaL","685"
"FarOutAkhtar","686"
"vjdaniel","687"
"ValeYellow46","688"
"realDonaldTrump","689"
"BradPaisley","690"
"felipeneto","691"
"sneijder101010","692"
"TheVijayMallya","693"
"womensweardaily","694"
"BillSimmons","695"
"billmaher","696"
"KendraWilkinson","697"
"paugasol","698"
"UNICEF","699"
"pitchforkmedia","700"
"FilosofiaTipica","701"
"UnrevealedFacts","702"
"Joey7Barton","703"
"ainz)","704"
"AlfredoFlores","705"
"FraseSimple","706"
"EPN","707"
"tonyrobbins","708"
"ohteenquotes","709"
"montesjulia","710"
"Adela_Micha","711"
"TheArabHash","712"
"FillWerrell","713"
"washingtonpost","714"
"TaioCruz","715"
"al_rasekhoon","716"
"desta80s","717"
"JuanManSantos","718"
"SkySportsNews","719"
"GarethBale11","720"
"AppStore","721"
"mariashriver","722"
"jennirivera","723"
"Niltakipte","724"
"chriscolfer","725"
"AudrinaPatridge","726"
"PearlJam","727"
"elliegoulding","728"
"IAmSteveHarvey","729"
"JoelOsteen","730"
"RealPaulWalker","731"
"mbc1tweets","732"
"virendersehwag","733"
"andy_murray","734"
"handeyener","735"
"LeighFrancis","736"
"LittlecBeadles","737"
"4everBrandy","738"
"paulitachaves","739"
"ayseozyilmazel","740"
"juliaperrez","741"
"DrBassemYoussef","742"
"FIFAcom","743"
"TheCarlosPena","744"
"AshleyMGreene","745"
"iTunesTrailers","746"
"RELATlONSHlP","747"
"jackybrv","748"
"itsgabrielleu","749"
"BBCClick","750"
"cadieckmann","751"
"younghollywood","752"
"Olympics","753"
"imVkohli","754"
"MarkWright_","755"
"Lord_Voldemort7","756"
"Asr3Follow","757"
"CocaCola","758"
"Fanny_Lu","759"
"g1","760"
"luis16suarez","761"
"GemmaAnneStyles","762"
"threadless","763"
"MatthewZiff","764"
"AllRiseSilver","765"
"ryeong9","766"
"someecards","767"
"GreatestQuotes","768"
"ErikaDLV","769"
"kenandogulu","770"
"GMA","771"
"TMZ","772"
"LFC","773"
"YUVSTRONG12","774"
"manuginobili","775"
"CoryMonteith","776"
"ShawnMichaels","777"
"TOMS","778"
"JBALVIN","779"
"TEDTalks","780"
"adamlambert","781"
"facufacundo","782"
"9GAG","783"
"iloveruffag","784"
"OscarFilho","785"
"feliciaday","786"
"RelatableQuote","787"
"Victorious","788"
"KattPackAllDay","789"
"lopezandres","790"
"NHL","791"
"JerrySeinfeld","792"
"UN","793"
"BoAkwon","794"
"Riteishd","795"
"ElBaradei","796"
"reIatable","797"
"missA_suzy","798"
"MissyElliott","799"
"ElUniversal","800"
"MsLeaSalonga","801"
"ifilosofia","802"
"robbiewilliams","803"
"nprnews","804"
"JohnBishop100","805"
"chetan_bhagat","806"
"YALINonline","807"
"TheseDamnQuote","808"
"wikileaks","809"
"sethmeyers","810"
"Newsweek","811"
"MsLaurenLondon","812"
"brookeburke","813"
"TheRealMikeEpps","814"
"MedvedevRussia","815"
"nimbuzz","816"
"mileycyrus","817"
"biz","818"
"PEPATAHKU","819"
"guardiantech","820"
"Etsy","821"
"jupaesoficial","822"
"BigBang_CBS","823"
"nerdist","824"
"AndreaSernaRCN","825"
"MiamiHEAT","826"
"JamesArthur23","827"
"mariagadu","828"
"dilmabr","829"
"CMPunk","830"
"NathanFillion","831"
"WalkingDead_AMC","832"
"McDonalds","833"
"Dbolina","834"
"jackwhitehall","835"
"radioleary","836"
"imdanielpadilla","837"
"ComedyAndTruth","838"
"HeffronDrive","839"
"LAURAGII","840"
"dedesecco","841"
"Jason_Aldean","842"
"mitchelmusso","843"
"peterfacinelli","844"
"TODAYshow","845"
"ENews","846"
"bobsaget","847"
"lemontwittor","848"
"Funny_Truth","849"
"GaryLineker","850"
"miabuelasabia","851"
"DopestKidEverr","852"
"TwitterFrance","853"
"macklemore","854"
"rubarrichello","855"
"MrsSOsbourne","856"
"heidiklum","857"
"Javier_Alatorre","858"
"DavidSpade","859"
"angelicavale","860"
"Khunnie0624","861"
"fucktyler","862"
"KennyHamilton","863"
"shitgirlssay","864"
"ShashiTharoor","865"
"TheFunnyTeens","866"
"imogenheap","867"
"pewdiepie","868"
"FrasesMoviesES","869"
"MuhammadMorsi","870"
"blakegriffin32","871"
"thebeatles","872"
"nikestore","873"
"twitterapi","874"
"masason","875"
"FoodNetwork","876"
"ErinAndrews","877"
"CaioCastanheira","878"
"TWICHISTE","879"
"davos","880"
"Joan_Rivers","881"
"MonicaBrown","882"
"lemondefr","883"
"SportsNation","884"
"ELTIEMPO","885"
"VernonDavis85","886"
"TitiRajoBintang","887"
"thiaguinhocomth","888"
"mcuban","889"
"MikeVick","890"
"tarkan","891"
"brunodeluca","892"
"pokwang27","893"
"pennjillette","894"
"pedroalfonsoo","895"
"LizGillies","896"
"example","897"
"JeremyBieber","898"
"bobatl","899"
"PaulaFernandes7","900"
"XianLimm","901"
"THEREALSWIZZZ","902"
"KimberlyCole1","903"
"SSantiagosegura","904"
"zairana","905"
"cher","906"
"Know","907"
"ABCFpll","908"
"realjohngreen","909"
"professorgreen","910"
"eceerken","911"
"neilhimself","912"
"armandmaulana","913"
"xuxameneghel","914"
"gucci1017","915"
"michaelianblack","916"
"brozoxmiswebs","917"
"thewanted","918"
"FunnyJokeBook","919"
"ladyantebellum","920"
"pamyurin","921"
"goodhealth","922"
"GStephanopoulos","923"
"Dynamomagician","924"
"cuervotinelli","925"
"fitrop","926"
"andreolifelipe","927"
"JimGaffigan","928"
"thescript","929"
"alo_oficial","930"
"lnsaneTweets","931"
"ComedyOrTruth","932"
"noticias24","933"
"georgelopez","934"
"kylieminogue","935"
"TeenVogue","936"
"saba_t","937"
"SamNasri19","938"
"shaymitch","939"
"Su_Gimenez","940"
"IAmJericho","941"
"tmagazine","942"
"LaraDutta","943"
"NajibRazak","944"
"ItsLifeFact","945"
"JujuSalimeni","946"
"MagicJohnson","947"
"Laughbook","948"
"A_reirse","949"
"LeoMessi1987","950"
"EdwardNorton","951"
"katedelcastillo","952"
"SenJohnMcCain","953"
"nprpolitics","954"
"gmanews","955"
"AJEnglish","956"
"Metallica","957"
"ThisisDavina","958"
"AFineFrenzy","959"
"GaelGarciaB","960"
"DiannaAgron","961"
"APiada","962"
"Twitition","963"
"LewisHamilton","964"
"UGGLYTRUTH","965"
"kathygriffin","966"
"Junior_Lima","967"
"5SOS","968"
"RolaWorLD","969"
"PBS","970"
"pekkan1","971"
"FlTNESS","972"
"gossipgirl","973"
"cortezrafa","974"
"iqbaale","975"
"NOAH_ID","976"
"CraigyFerg","977"
"KamusCewek","978"
"michaelbuble","979"
"DaRealAmberRose","980"
"chriscornell","981"
"GwynethPaltrow","982"
"djkhaled","983"
"MissKatiePrice","984"
"AdalRamones","985"
"McIlroyRory","986"
"CAPRICHO","987"
"mariko_dayo","988"
"peladocqcok","989"
"levarburton","990"
"drewbrees","991"
"YouTubeEspanol","992"
"TRINArockstarr","993"
